ParameterL,LocalLogic,ParameterT,TriggerIOStatus
CSROUT,0x4,IN_FRONTA,0xFFFF
 FW_VERSION,0xB1000002,IN_FRONTB,0xFFFF
 SW_VERSION,0x1003,IN_FRONTC,0xFFFF
 UNIQUE_ID,0x197B7679,IN_TRIGGERALL,0xFFFFFFFF
 UNIQUE_ID,0x92220002,IN_EBDATA,0xFFFF
 COINCTEST,0x1F1F,CMASK_FRONTA,0x0
 reserved,0x0,CMASK_FRONTB,0x0
 reserved,0x0,CMASK_FRONTC,0x0
 reserved,0x0,CMASK_TRIGGERALL,0x0
 reserved,0x0,CMASK_EBDATA,0x0
 NUMTRIGGERS,1,MMSUM_FRONTA,0
 NUMTRIGGERS,0,MMSUM_FRONTB,0
 RUNTICKS,4168046707,MMSUM_FRONTC,0
 RUNTICKS,65,MMSUM_TRIGGERALL,0
 RUNTIME,2833.409209,MMSUM_EBDATA,0
 TRIGGERRATE,0.000353,reserved,0
 T_ZYNQ,54,reserved,0
 T_BOARD,32,reserved,0
 SNUM,2,reserved,0
 