sample,adc0,adc1,adc2,adc3
0,1398,1,2,3
 1,1397,2,3,4
 2,1397,3,4,5
 3,1398,4,5,6
 4,1397,1,2,3
 5,1397,2,3,4
 6,1397,3,4,5
 7,1398,4,5,6
 8,1397,1,2,3
 9,1398,2,3,4
 10,1398,3,4,5
 11,1398,4,5,6
 12,1397,1,2,3
 13,1397,2,3,4
 14,1397,3,4,5
 15,1397,4,5,6
 16,1398,1,2,3
 17,1397,2,3,4
 18,1397,3,4,5
 19,1398,4,5,6
 20,1398,1,2,3
 21,1398,2,3,4
 22,1397,3,4,5
 23,1398,4,5,6
 24,1397,1,2,3
 25,1397,2,3,4
 26,1398,3,4,5
 27,1397,4,5,6
 28,1398,1,2,3
 29,1397,2,3,4
 30,1398,3,4,5
 31,1397,4,5,6
 32,1397,1,2,3
 33,1398,2,3,4
 34,1397,3,4,5
 35,1398,4,5,6
 36,1397,1,2,3
 37,1398,2,3,4
 38,1398,3,4,5
 39,1397,4,5,6
 40,1397,1,2,3
 41,1398,2,3,4
 42,1397,3,4,5
 43,1397,4,5,6
 44,1397,1,2,3
 45,1398,2,3,4
 46,1397,3,4,5
 47,1397,4,5,6
 48,1398,1,2,3
 49,1397,2,3,4
 50,1398,3,4,5
 51,1398,4,5,6
 52,1397,1,2,3
 53,1397,2,3,4
 54,1398,3,4,5
 55,1396,4,5,6
 56,1397,1,2,3
 57,1398,2,3,4
 58,1397,3,4,5
 59,1396,4,5,6
 60,1398,1,2,3
 61,1397,2,3,4
 62,1398,3,4,5
 63,1397,4,5,6
 64,1398,1,2,3
 65,1397,2,3,4
 66,1398,3,4,5
 67,1398,4,5,6
 68,1397,1,2,3
 69,1397,2,3,4
 70,1397,3,4,5
 71,1397,4,5,6
 72,1397,1,2,3
 73,1398,2,3,4
 74,1398,3,4,5
 75,1397,4,5,6
 76,1397,1,2,3
 77,1397,2,3,4
 78,1397,3,4,5
 79,1397,4,5,6
 80,1397,1,2,3
 81,1397,2,3,4
 82,1397,3,4,5
 83,1397,4,5,6
 84,1398,1,2,3
 85,1398,2,3,4
 86,1398,3,4,5
 87,1397,4,5,6
 88,1397,1,2,3
 89,1397,2,3,4
 90,1397,3,4,5
 91,1397,4,5,6
 92,1397,1,2,3
 93,1398,2,3,4
 94,1397,3,4,5
 95,1397,4,5,6
 96,1398,1,2,3
 97,1398,2,3,4
 98,1397,3,4,5
 99,1397,4,5,6
 100,1397,1,2,3
 101,1397,2,3,4
 102,1397,3,4,5
 103,1397,4,5,6
 104,1397,1,2,3
 105,1397,2,3,4
 106,1397,3,4,5
 107,1397,4,5,6
 108,1398,1,2,3
 109,1397,2,3,4
 110,1397,3,4,5
 111,1397,4,5,6
 112,1397,1,2,3
 113,1397,2,3,4
 114,1397,3,4,5
 115,1397,4,5,6
 116,1397,1,2,3
 117,1397,2,3,4
 118,1397,3,4,5
 119,1397,4,5,6
 120,1398,1,2,3
 121,1398,2,3,4
 122,1397,3,4,5
 123,1397,4,5,6
 124,1397,1,2,3
 125,1397,2,3,4
 126,1397,3,4,5
 127,1397,4,5,6
 128,1398,1,2,3
 129,1398,2,3,4
 130,1398,3,4,5
 131,1398,4,5,6
 132,1397,1,2,3
 133,1398,2,3,4
 134,1398,3,4,5
 135,1397,4,5,6
 136,1398,1,2,3
 137,1397,2,3,4
 138,1397,3,4,5
 139,1397,4,5,6
 140,1397,1,2,3
 141,1397,2,3,4
 142,1398,3,4,5
 143,1398,4,5,6
 144,1397,1,2,3
 145,1397,2,3,4
 146,1398,3,4,5
 147,1397,4,5,6
 148,1397,1,2,3
 149,1397,2,3,4
 150,1398,3,4,5
 151,1397,4,5,6
 152,1397,1,2,3
 153,1397,2,3,4
 154,1397,3,4,5
 155,1398,4,5,6
 156,1397,1,2,3
 157,1397,2,3,4
 158,1397,3,4,5
 159,1397,4,5,6
 160,1397,1,2,3
 161,1397,2,3,4
 162,1398,3,4,5
 163,1397,4,5,6
 164,1397,1,2,3
 165,1397,2,3,4
 166,1397,3,4,5
 167,1397,4,5,6
 168,1397,1,2,3
 169,1397,2,3,4
 170,1397,3,4,5
 171,1397,4,5,6
 172,1397,1,2,3
 173,1398,2,3,4
 174,1397,3,4,5
 175,1397,4,5,6
 176,1397,1,2,3
 177,1398,2,3,4
 178,1397,3,4,5
 179,1397,4,5,6
 180,1397,1,2,3
 181,1397,2,3,4
 182,1397,3,4,5
 183,1397,4,5,6
 184,1397,1,2,3
 185,1398,2,3,4
 186,1397,3,4,5
 187,1397,4,5,6
 188,1397,1,2,3
 189,1397,2,3,4
 190,1397,3,4,5
 191,1397,4,5,6
 192,1397,1,2,3
 193,1398,2,3,4
 194,1398,3,4,5
 195,1397,4,5,6
 196,1397,1,2,3
 197,1397,2,3,4
 198,1397,3,4,5
 199,1397,4,5,6
 200,1398,1,2,3
 201,1398,2,3,4
 202,1397,3,4,5
 203,1397,4,5,6
 204,1397,1,2,3
 205,1397,2,3,4
 206,1397,3,4,5
 207,1398,4,5,6
 208,1397,1,2,3
 209,1397,2,3,4
 210,1397,3,4,5
 211,1398,4,5,6
 212,1397,1,2,3
 213,1397,2,3,4
 214,1397,3,4,5
 215,1397,4,5,6
 216,1397,1,2,3
 217,1398,2,3,4
 218,1397,3,4,5
 219,1397,4,5,6
 220,1397,1,2,3
 221,1397,2,3,4
 222,1398,3,4,5
 223,1397,4,5,6
 224,1398,1,2,3
 225,1397,2,3,4
 226,1398,3,4,5
 227,1398,4,5,6
 228,1398,1,2,3
 229,1398,2,3,4
 230,1397,3,4,5
 231,1397,4,5,6
 232,1397,1,2,3
 233,1397,2,3,4
 234,1397,3,4,5
 235,1397,4,5,6
 236,1397,1,2,3
 237,1398,2,3,4
 238,1398,3,4,5
 239,1397,4,5,6
 240,1397,1,2,3
 241,1398,2,3,4
 242,1398,3,4,5
 243,1398,4,5,6
 244,1397,1,2,3
 245,1397,2,3,4
 246,1397,3,4,5
 247,1397,4,5,6
 248,1397,1,2,3
 249,1398,2,3,4
 250,1396,3,4,5
 251,1397,4,5,6
 252,1397,1,2,3
 253,1397,2,3,4
 254,1397,3,4,5
 255,1397,4,5,6
 256,1397,1,2,3
 257,1397,2,3,4
 258,1398,3,4,5
 259,1397,4,5,6
 260,1398,1,2,3
 261,1397,2,3,4
 262,1397,3,4,5
 263,1397,4,5,6
 264,1397,1,2,3
 265,1398,2,3,4
 266,1397,3,4,5
 267,1397,4,5,6
 268,1397,1,2,3
 269,1398,2,3,4
 270,1397,3,4,5
 271,1397,4,5,6
 272,1397,1,2,3
 273,1397,2,3,4
 274,1397,3,4,5
 275,1398,4,5,6
 276,1397,1,2,3
 277,1398,2,3,4
 278,1397,3,4,5
 279,1397,4,5,6
 280,1397,1,2,3
 281,1398,2,3,4
 282,1398,3,4,5
 283,1397,4,5,6
 284,1398,1,2,3
 285,1397,2,3,4
 286,1398,3,4,5
 287,1397,4,5,6
 288,1397,1,2,3
 289,1397,2,3,4
 290,1398,3,4,5
 291,1397,4,5,6
 292,1397,1,2,3
 293,1398,2,3,4
 294,1398,3,4,5
 295,1397,4,5,6
 296,1397,1,2,3
 297,1398,2,3,4
 298,1397,3,4,5
 299,1397,4,5,6
 300,1397,1,2,3
 301,1397,2,3,4
 302,1398,3,4,5
 303,1397,4,5,6
 304,1398,1,2,3
 305,1398,2,3,4
 306,1397,3,4,5
 307,1398,4,5,6
 308,1397,1,2,3
 309,1398,2,3,4
 310,1398,3,4,5
 311,1398,4,5,6
 312,1397,1,2,3
 313,1399,2,3,4
 314,1397,3,4,5
 315,1397,4,5,6
 316,1397,1,2,3
 317,1397,2,3,4
 318,1398,3,4,5
 319,1397,4,5,6
 320,1397,1,2,3
 321,1397,2,3,4
 322,1398,3,4,5
 323,1398,4,5,6
 324,1397,1,2,3
 325,1398,2,3,4
 326,1397,3,4,5
 327,1397,4,5,6
 328,1397,1,2,3
 329,1398,2,3,4
 330,1398,3,4,5
 331,1398,4,5,6
 332,1397,1,2,3
 333,1397,2,3,4
 334,1397,3,4,5
 335,1398,4,5,6
 336,1398,1,2,3
 337,1398,2,3,4
 338,1397,3,4,5
 339,1398,4,5,6
 340,1397,1,2,3
 341,1397,2,3,4
 342,1398,3,4,5
 343,1397,4,5,6
 344,1397,1,2,3
 345,1398,2,3,4
 346,1398,3,4,5
 347,1397,4,5,6
 348,1398,1,2,3
 349,1397,2,3,4
 350,1398,3,4,5
 351,1397,4,5,6
 352,1397,1,2,3
 353,1398,2,3,4
 354,1398,3,4,5
 355,1397,4,5,6
 356,1397,1,2,3
 357,1398,2,3,4
 358,1397,3,4,5
 359,1398,4,5,6
 360,1398,1,2,3
 361,1398,2,3,4
 362,1398,3,4,5
 363,1398,4,5,6
 364,1398,1,2,3
 365,1397,2,3,4
 366,1397,3,4,5
 367,1397,4,5,6
 368,1398,1,2,3
 369,1398,2,3,4
 370,1398,3,4,5
 371,1397,4,5,6
 372,1397,1,2,3
 373,1397,2,3,4
 374,1398,3,4,5
 375,1397,4,5,6
 376,1398,1,2,3
 377,1397,2,3,4
 378,1398,3,4,5
 379,1397,4,5,6
 380,1398,1,2,3
 381,1398,2,3,4
 382,1398,3,4,5
 383,1397,4,5,6
 384,1398,1,2,3
 385,1397,2,3,4
 386,1398,3,4,5
 387,1398,4,5,6
 388,1398,1,2,3
 389,1398,2,3,4
 390,1397,3,4,5
 391,1397,4,5,6
 392,1398,1,2,3
 393,1398,2,3,4
 394,1398,3,4,5
 395,1398,4,5,6
 396,1398,1,2,3
 397,1399,2,3,4
 398,1398,3,4,5
 399,1397,4,5,6
 400,1398,1,2,3
 401,1398,2,3,4
 402,1397,3,4,5
 403,1398,4,5,6
 404,1397,1,2,3
 405,1398,2,3,4
 406,1397,3,4,5
 407,1398,4,5,6
 408,1398,1,2,3
 409,1398,2,3,4
 410,1398,3,4,5
 411,1398,4,5,6
 412,1398,1,2,3
 413,1398,2,3,4
 414,1397,3,4,5
 415,1398,4,5,6
 416,1397,1,2,3
 417,1397,2,3,4
 418,1398,3,4,5
 419,1397,4,5,6
 420,1397,1,2,3
 421,1397,2,3,4
 422,1397,3,4,5
 423,1398,4,5,6
 424,1398,1,2,3
 425,1397,2,3,4
 426,1398,3,4,5
 427,1397,4,5,6
 428,1398,1,2,3
 429,1398,2,3,4
 430,1398,3,4,5
 431,1398,4,5,6
 432,1398,1,2,3
 433,1397,2,3,4
 434,1398,3,4,5
 435,1398,4,5,6
 436,1398,1,2,3
 437,1398,2,3,4
 438,1398,3,4,5
 439,1398,4,5,6
 440,1397,1,2,3
 441,1398,2,3,4
 442,1397,3,4,5
 443,1398,4,5,6
 444,1398,1,2,3
 445,1397,2,3,4
 446,1398,3,4,5
 447,1397,4,5,6
 448,1397,1,2,3
 449,1398,2,3,4
 450,1398,3,4,5
 451,1398,4,5,6
 452,1398,1,2,3
 453,1397,2,3,4
 454,1398,3,4,5
 455,1398,4,5,6
 456,1397,1,2,3
 457,1398,2,3,4
 458,1398,3,4,5
 459,1397,4,5,6
 460,1397,1,2,3
 461,1397,2,3,4
 462,1398,3,4,5
 463,1398,4,5,6
 464,1397,1,2,3
 465,1398,2,3,4
 466,1398,3,4,5
 467,1398,4,5,6
 468,1397,1,2,3
 469,1397,2,3,4
 470,1397,3,4,5
 471,1397,4,5,6
 472,1397,1,2,3
 473,1397,2,3,4
 474,1398,3,4,5
 475,1397,4,5,6
 476,1397,1,2,3
 477,1398,2,3,4
 478,1397,3,4,5
 479,1397,4,5,6
 480,1398,1,2,3
 481,1397,2,3,4
 482,1398,3,4,5
 483,1398,4,5,6
 484,1397,1,2,3
 485,1397,2,3,4
 486,1398,3,4,5
 487,1398,4,5,6
 488,1397,1,2,3
 489,1398,2,3,4
 490,1397,3,4,5
 491,1397,4,5,6
 492,1398,1,2,3
 493,1398,2,3,4
 494,1397,3,4,5
 495,1397,4,5,6
 496,1398,1,2,3
 497,1398,2,3,4
 498,1398,3,4,5
 499,1398,4,5,6
 500,1397,1,2,3
 501,1398,2,3,4
 502,1398,3,4,5
 503,1398,4,5,6
 504,1398,1,2,3
 505,1398,2,3,4
 506,1398,3,4,5
 507,1398,4,5,6
 508,1398,1,2,3
 509,1398,2,3,4
 510,1397,3,4,5
 511,1397,4,5,6
 512,1398,1,2,3
 513,1397,2,3,4
 514,1398,3,4,5
 515,1398,4,5,6
 516,1398,1,2,3
 517,1398,2,3,4
 518,1397,3,4,5
 519,1398,4,5,6
 520,1397,1,2,3
 521,1397,2,3,4
 522,1398,3,4,5
 523,1398,4,5,6
 524,1398,1,2,3
 525,1398,2,3,4
 526,1398,3,4,5
 527,1398,4,5,6
 528,1397,1,2,3
 529,1398,2,3,4
 530,1398,3,4,5
 531,1398,4,5,6
 532,1397,1,2,3
 533,1397,2,3,4
 534,1398,3,4,5
 535,1397,4,5,6
 536,1398,1,2,3
 537,1398,2,3,4
 538,1397,3,4,5
 539,1397,4,5,6
 540,1397,1,2,3
 541,1398,2,3,4
 542,1399,3,4,5
 543,1398,4,5,6
 544,1398,1,2,3
 545,1398,2,3,4
 546,1398,3,4,5
 547,1398,4,5,6
 548,1397,1,2,3
 549,1397,2,3,4
 550,1398,3,4,5
 551,1397,4,5,6
 552,1398,1,2,3
 553,1398,2,3,4
 554,1397,3,4,5
 555,1398,4,5,6
 556,1398,1,2,3
 557,1398,2,3,4
 558,1398,3,4,5
 559,1398,4,5,6
 560,1398,1,2,3
 561,1397,2,3,4
 562,1398,3,4,5
 563,1397,4,5,6
 564,1397,1,2,3
 565,1398,2,3,4
 566,1398,3,4,5
 567,1398,4,5,6
 568,1398,1,2,3
 569,1397,2,3,4
 570,1398,3,4,5
 571,1397,4,5,6
 572,1398,1,2,3
 573,1398,2,3,4
 574,1397,3,4,5
 575,1398,4,5,6
 576,1397,1,2,3
 577,1397,2,3,4
 578,1398,3,4,5
 579,1398,4,5,6
 580,1398,1,2,3
 581,1397,2,3,4
 582,1397,3,4,5
 583,1398,4,5,6
 584,1397,1,2,3
 585,1398,2,3,4
 586,1398,3,4,5
 587,1398,4,5,6
 588,1398,1,2,3
 589,1397,2,3,4
 590,1398,3,4,5
 591,1398,4,5,6
 592,1398,1,2,3
 593,1398,2,3,4
 594,1398,3,4,5
 595,1398,4,5,6
 596,1398,1,2,3
 597,1397,2,3,4
 598,1397,3,4,5
 599,1398,4,5,6
 600,1398,1,2,3
 601,1398,2,3,4
 602,1398,3,4,5
 603,1398,4,5,6
 604,1397,1,2,3
 605,1398,2,3,4
 606,1398,3,4,5
 607,1398,4,5,6
 608,1398,1,2,3
 609,1398,2,3,4
 610,1398,3,4,5
 611,1399,4,5,6
 612,1397,1,2,3
 613,1398,2,3,4
 614,1398,3,4,5
 615,1398,4,5,6
 616,1397,1,2,3
 617,1398,2,3,4
 618,1398,3,4,5
 619,1398,4,5,6
 620,1398,1,2,3
 621,1398,2,3,4
 622,1397,3,4,5
 623,1397,4,5,6
 624,1398,1,2,3
 625,1398,2,3,4
 626,1398,3,4,5
 627,1398,4,5,6
 628,1397,1,2,3
 629,1397,2,3,4
 630,1398,3,4,5
 631,1398,4,5,6
 632,1397,1,2,3
 633,1398,2,3,4
 634,1398,3,4,5
 635,1398,4,5,6
 636,1397,1,2,3
 637,1397,2,3,4
 638,1397,3,4,5
 639,1398,4,5,6
 640,1397,1,2,3
 641,1398,2,3,4
 642,1398,3,4,5
 643,1398,4,5,6
 644,1397,1,2,3
 645,1398,2,3,4
 646,1398,3,4,5
 647,1398,4,5,6
 648,1398,1,2,3
 649,1398,2,3,4
 650,1397,3,4,5
 651,1398,4,5,6
 652,1398,1,2,3
 653,1397,2,3,4
 654,1397,3,4,5
 655,1398,4,5,6
 656,1397,1,2,3
 657,1398,2,3,4
 658,1398,3,4,5
 659,1397,4,5,6
 660,1397,1,2,3
 661,1398,2,3,4
 662,1397,3,4,5
 663,1398,4,5,6
 664,1398,1,2,3
 665,1398,2,3,4
 666,1398,3,4,5
 667,1397,4,5,6
 668,1397,1,2,3
 669,1398,2,3,4
 670,1397,3,4,5
 671,1398,4,5,6
 672,1398,1,2,3
 673,1397,2,3,4
 674,1398,3,4,5
 675,1398,4,5,6
 676,1398,1,2,3
 677,1397,2,3,4
 678,1398,3,4,5
 679,1397,4,5,6
 680,1398,1,2,3
 681,1397,2,3,4
 682,1398,3,4,5
 683,1398,4,5,6
 684,1398,1,2,3
 685,1398,2,3,4
 686,1398,3,4,5
 687,1398,4,5,6
 688,1397,1,2,3
 689,1397,2,3,4
 690,1399,3,4,5
 691,1398,4,5,6
 692,1397,1,2,3
 693,1398,2,3,4
 694,1398,3,4,5
 695,1397,4,5,6
 696,1398,1,2,3
 697,1397,2,3,4
 698,1398,3,4,5
 699,1397,4,5,6
 700,1398,1,2,3
 701,1397,2,3,4
 702,1398,3,4,5
 703,1397,4,5,6
 704,1398,1,2,3
 705,1398,2,3,4
 706,1398,3,4,5
 707,1398,4,5,6
 708,1398,1,2,3
 709,1398,2,3,4
 710,1398,3,4,5
 711,1398,4,5,6
 712,1398,1,2,3
 713,1398,2,3,4
 714,1398,3,4,5
 715,1398,4,5,6
 716,1397,1,2,3
 717,1397,2,3,4
 718,1397,3,4,5
 719,1397,4,5,6
 720,1397,1,2,3
 721,1397,2,3,4
 722,1398,3,4,5
 723,1397,4,5,6
 724,1397,1,2,3
 725,1397,2,3,4
 726,1398,3,4,5
 727,1398,4,5,6
 728,1397,1,2,3
 729,1398,2,3,4
 730,1397,3,4,5
 731,1397,4,5,6
 732,1398,1,2,3
 733,1398,2,3,4
 734,1398,3,4,5
 735,1398,4,5,6
 736,1397,1,2,3
 737,1398,2,3,4
 738,1397,3,4,5
 739,1398,4,5,6
 740,1397,1,2,3
 741,1398,2,3,4
 742,1398,3,4,5
 743,1398,4,5,6
 744,1398,1,2,3
 745,1397,2,3,4
 746,1398,3,4,5
 747,1397,4,5,6
 748,1397,1,2,3
 749,1398,2,3,4
 750,1398,3,4,5
 751,1398,4,5,6
 752,1398,1,2,3
 753,1397,2,3,4
 754,1398,3,4,5
 755,1398,4,5,6
 756,1398,1,2,3
 757,1398,2,3,4
 758,1397,3,4,5
 759,1398,4,5,6
 760,1397,1,2,3
 761,1398,2,3,4
 762,1398,3,4,5
 763,1398,4,5,6
 764,1398,1,2,3
 765,1397,2,3,4
 766,1398,3,4,5
 767,1398,4,5,6
 768,1397,1,2,3
 769,1398,2,3,4
 770,1398,3,4,5
 771,1398,4,5,6
 772,1397,1,2,3
 773,1398,2,3,4
 774,1398,3,4,5
 775,1397,4,5,6
 776,1397,1,2,3
 777,1397,2,3,4
 778,1398,3,4,5
 779,1398,4,5,6
 780,1398,1,2,3
 781,1398,2,3,4
 782,1398,3,4,5
 783,1398,4,5,6
 784,1398,1,2,3
 785,1398,2,3,4
 786,1397,3,4,5
 787,1398,4,5,6
 788,1397,1,2,3
 789,1398,2,3,4
 790,1397,3,4,5
 791,1398,4,5,6
 792,1397,1,2,3
 793,1398,2,3,4
 794,1397,3,4,5
 795,1398,4,5,6
 796,1398,1,2,3
 797,1397,2,3,4
 798,1397,3,4,5
 799,1397,4,5,6
 800,1397,1,2,3
 801,1397,2,3,4
 802,1398,3,4,5
 803,1397,4,5,6
 804,1398,1,2,3
 805,1398,2,3,4
 806,1398,3,4,5
 807,1398,4,5,6
 808,1397,1,2,3
 809,1398,2,3,4
 810,1398,3,4,5
 811,1398,4,5,6
 812,1398,1,2,3
 813,1398,2,3,4
 814,1398,3,4,5
 815,1397,4,5,6
 816,1397,1,2,3
 817,1397,2,3,4
 818,1398,3,4,5
 819,1398,4,5,6
 820,1398,1,2,3
 821,1397,2,3,4
 822,1398,3,4,5
 823,1397,4,5,6
 824,1397,1,2,3
 825,1398,2,3,4
 826,1397,3,4,5
 827,1397,4,5,6
 828,1397,1,2,3
 829,1398,2,3,4
 830,1397,3,4,5
 831,1398,4,5,6
 832,1398,1,2,3
 833,1397,2,3,4
 834,1398,3,4,5
 835,1398,4,5,6
 836,1398,1,2,3
 837,1398,2,3,4
 838,1397,3,4,5
 839,1398,4,5,6
 840,1397,1,2,3
 841,1398,2,3,4
 842,1398,3,4,5
 843,1397,4,5,6
 844,1398,1,2,3
 845,1397,2,3,4
 846,1398,3,4,5
 847,1398,4,5,6
 848,1398,1,2,3
 849,1398,2,3,4
 850,1397,3,4,5
 851,1397,4,5,6
 852,1398,1,2,3
 853,1398,2,3,4
 854,1398,3,4,5
 855,1398,4,5,6
 856,1398,1,2,3
 857,1398,2,3,4
 858,1397,3,4,5
 859,1398,4,5,6
 860,1398,1,2,3
 861,1398,2,3,4
 862,1398,3,4,5
 863,1398,4,5,6
 864,1398,1,2,3
 865,1397,2,3,4
 866,1397,3,4,5
 867,1397,4,5,6
 868,1397,1,2,3
 869,1397,2,3,4
 870,1398,3,4,5
 871,1397,4,5,6
 872,1398,1,2,3
 873,1398,2,3,4
 874,1398,3,4,5
 875,1398,4,5,6
 876,1398,1,2,3
 877,1398,2,3,4
 878,1398,3,4,5
 879,1397,4,5,6
 880,1397,1,2,3
 881,1397,2,3,4
 882,1398,3,4,5
 883,1398,4,5,6
 884,1397,1,2,3
 885,1398,2,3,4
 886,1397,3,4,5
 887,1397,4,5,6
 888,1397,1,2,3
 889,1398,2,3,4
 890,1398,3,4,5
 891,1398,4,5,6
 892,1397,1,2,3
 893,1398,2,3,4
 894,1398,3,4,5
 895,1398,4,5,6
 896,1398,1,2,3
 897,1398,2,3,4
 898,1398,3,4,5
 899,1398,4,5,6
 900,1398,1,2,3
 901,1398,2,3,4
 902,1398,3,4,5
 903,1397,4,5,6
 904,1398,1,2,3
 905,1398,2,3,4
 906,1399,3,4,5
 907,1398,4,5,6
 908,1398,1,2,3
 909,1398,2,3,4
 910,1397,3,4,5
 911,1397,4,5,6
 912,1398,1,2,3
 913,1398,2,3,4
 914,1398,3,4,5
 915,1397,4,5,6
 916,1398,1,2,3
 917,1397,2,3,4
 918,1398,3,4,5
 919,1398,4,5,6
 920,1398,1,2,3
 921,1398,2,3,4
 922,1398,3,4,5
 923,1398,4,5,6
 924,1398,1,2,3
 925,1397,2,3,4
 926,1397,3,4,5
 927,1398,4,5,6
 928,1397,1,2,3
 929,1397,2,3,4
 930,1398,3,4,5
 931,1397,4,5,6
 932,1397,1,2,3
 933,1398,2,3,4
 934,1398,3,4,5
 935,1398,4,5,6
 936,1398,1,2,3
 937,1397,2,3,4
 938,1397,3,4,5
 939,1397,4,5,6
 940,1398,1,2,3
 941,1398,2,3,4
 942,1398,3,4,5
 943,1398,4,5,6
 944,1397,1,2,3
 945,1398,2,3,4
 946,1398,3,4,5
 947,1398,4,5,6
 948,1398,1,2,3
 949,1397,2,3,4
 950,1398,3,4,5
 951,1398,4,5,6
 952,1397,1,2,3
 953,1397,2,3,4
 954,1397,3,4,5
 955,1397,4,5,6
 956,1397,1,2,3
 957,1398,2,3,4
 958,1398,3,4,5
 959,1397,4,5,6
 960,1398,1,2,3
 961,1397,2,3,4
 962,1398,3,4,5
 963,1398,4,5,6
 964,1398,1,2,3
 965,1398,2,3,4
 966,1397,3,4,5
 967,1398,4,5,6
 968,1397,1,2,3
 969,1397,2,3,4
 970,1397,3,4,5
 971,1397,4,5,6
 972,1398,1,2,3
 973,1398,2,3,4
 974,1398,3,4,5
 975,1397,4,5,6
 976,1397,1,2,3
 977,1397,2,3,4
 978,1398,3,4,5
 979,1398,4,5,6
 980,1398,1,2,3
 981,1398,2,3,4
 982,1398,3,4,5
 983,1397,4,5,6
 984,1398,1,2,3
 985,1398,2,3,4
 986,1397,3,4,5
 987,1397,4,5,6
 988,1398,1,2,3
 989,1397,2,3,4
 990,1398,3,4,5
 991,1397,4,5,6
 992,1397,1,2,3
 993,1398,2,3,4
 994,1398,3,4,5
 995,1397,4,5,6
 996,1397,1,2,3
 997,1398,2,3,4
 998,1398,3,4,5
 999,1398,4,5,6
 1000,1398,1,2,3
 1001,1398,2,3,4
 1002,1398,3,4,5
 1003,1398,4,5,6
 1004,1398,1,2,3
 1005,1398,2,3,4
 1006,1398,3,4,5
 1007,1398,4,5,6
 1008,1397,1,2,3
 1009,1397,2,3,4
 1010,1398,3,4,5
 1011,1397,4,5,6
 1012,1398,1,2,3
 1013,1397,2,3,4
 1014,1398,3,4,5
 1015,1398,4,5,6
 1016,1398,1,2,3
 1017,1398,2,3,4
 1018,1397,3,4,5
 1019,1397,4,5,6
 1020,1398,1,2,3
 1021,1397,2,3,4
 1022,1398,3,4,5
 1023,1397,4,5,6
 1024,1397,1,2,3
 1025,1398,2,3,4
 1026,1398,3,4,5
 1027,1397,4,5,6
 1028,1397,1,2,3
 1029,1397,2,3,4
 1030,1398,3,4,5
 1031,1398,4,5,6
 1032,1397,1,2,3
 1033,1398,2,3,4
 1034,1397,3,4,5
 1035,1398,4,5,6
 1036,1398,1,2,3
 1037,1398,2,3,4
 1038,1397,3,4,5
 1039,1398,4,5,6
 1040,1398,1,2,3
 1041,1398,2,3,4
 1042,1397,3,4,5
 1043,1398,4,5,6
 1044,1397,1,2,3
 1045,1397,2,3,4
 1046,1398,3,4,5
 1047,1398,4,5,6
 1048,1398,1,2,3
 1049,1397,2,3,4
 1050,1398,3,4,5
 1051,1397,4,5,6
 1052,1397,1,2,3
 1053,1398,2,3,4
 1054,1398,3,4,5
 1055,1397,4,5,6
 1056,1397,1,2,3
 1057,1397,2,3,4
 1058,1397,3,4,5
 1059,1397,4,5,6
 1060,1397,1,2,3
 1061,1397,2,3,4
 1062,1397,3,4,5
 1063,1398,4,5,6
 1064,1398,1,2,3
 1065,1398,2,3,4
 1066,1397,3,4,5
 1067,1397,4,5,6
 1068,1398,1,2,3
 1069,1398,2,3,4
 1070,1398,3,4,5
 1071,1398,4,5,6
 1072,1397,1,2,3
 1073,1398,2,3,4
 1074,1397,3,4,5
 1075,1397,4,5,6
 1076,1397,1,2,3
 1077,1397,2,3,4
 1078,1398,3,4,5
 1079,1397,4,5,6
 1080,1398,1,2,3
 1081,1397,2,3,4
 1082,1397,3,4,5
 1083,1397,4,5,6
 1084,1398,1,2,3
 1085,1398,2,3,4
 1086,1397,3,4,5
 1087,1397,4,5,6
 1088,1397,1,2,3
 1089,1397,2,3,4
 1090,1397,3,4,5
 1091,1398,4,5,6
 1092,1398,1,2,3
 1093,1398,2,3,4
 1094,1398,3,4,5
 1095,1398,4,5,6
 1096,1397,1,2,3
 1097,1398,2,3,4
 1098,1398,3,4,5
 1099,1398,4,5,6
 1100,1397,1,2,3
 1101,1398,2,3,4
 1102,1398,3,4,5
 1103,1398,4,5,6
 1104,1397,1,2,3
 1105,1398,2,3,4
 1106,1398,3,4,5
 1107,1398,4,5,6
 1108,1398,1,2,3
 1109,1398,2,3,4
 1110,1398,3,4,5
 1111,1398,4,5,6
 1112,1397,1,2,3
 1113,1397,2,3,4
 1114,1398,3,4,5
 1115,1398,4,5,6
 1116,1397,1,2,3
 1117,1397,2,3,4
 1118,1397,3,4,5
 1119,1397,4,5,6
 1120,1397,1,2,3
 1121,1396,2,3,4
 1122,1397,3,4,5
 1123,1397,4,5,6
 1124,1397,1,2,3
 1125,1398,2,3,4
 1126,1398,3,4,5
 1127,1397,4,5,6
 1128,1398,1,2,3
 1129,1398,2,3,4
 1130,1397,3,4,5
 1131,1398,4,5,6
 1132,1397,1,2,3
 1133,1397,2,3,4
 1134,1397,3,4,5
 1135,1397,4,5,6
 1136,1398,1,2,3
 1137,1398,2,3,4
 1138,1398,3,4,5
 1139,1397,4,5,6
 1140,1398,1,2,3
 1141,1398,2,3,4
 1142,1398,3,4,5
 1143,1398,4,5,6
 1144,1398,1,2,3
 1145,1397,2,3,4
 1146,1397,3,4,5
 1147,1397,4,5,6
 1148,1397,1,2,3
 1149,1397,2,3,4
 1150,1397,3,4,5
 1151,1398,4,5,6
 1152,1398,1,2,3
 1153,1398,2,3,4
 1154,1398,3,4,5
 1155,1398,4,5,6
 1156,1397,1,2,3
 1157,1397,2,3,4
 1158,1397,3,4,5
 1159,1397,4,5,6
 1160,1397,1,2,3
 1161,1398,2,3,4
 1162,1398,3,4,5
 1163,1397,4,5,6
 1164,1397,1,2,3
 1165,1398,2,3,4
 1166,1397,3,4,5
 1167,1397,4,5,6
 1168,1398,1,2,3
 1169,1397,2,3,4
 1170,1398,3,4,5
 1171,1398,4,5,6
 1172,1398,1,2,3
 1173,1397,2,3,4
 1174,1398,3,4,5
 1175,1397,4,5,6
 1176,1398,1,2,3
 1177,1397,2,3,4
 1178,1397,3,4,5
 1179,1398,4,5,6
 1180,1397,1,2,3
 1181,1398,2,3,4
 1182,1398,3,4,5
 1183,1397,4,5,6
 1184,1398,1,2,3
 1185,1398,2,3,4
 1186,1397,3,4,5
 1187,1398,4,5,6
 1188,1398,1,2,3
 1189,1398,2,3,4
 1190,1398,3,4,5
 1191,1398,4,5,6
 1192,1398,1,2,3
 1193,1398,2,3,4
 1194,1397,3,4,5
 1195,1398,4,5,6
 1196,1397,1,2,3
 1197,1398,2,3,4
 1198,1397,3,4,5
 1199,1398,4,5,6
 1200,1398,1,2,3
 1201,1398,2,3,4
 1202,1398,3,4,5
 1203,1398,4,5,6
 1204,1398,1,2,3
 1205,1398,2,3,4
 1206,1398,3,4,5
 1207,1397,4,5,6
 1208,1405,1,2,3
 1209,1698,2,3,4
 1210,1856,3,4,5
 1211,2030,4,5,6
 1212,2187,1,2,3
 1213,2408,2,3,4
 1214,2487,3,4,5
 1215,2558,4,5,6
 1216,2625,1,2,3
 1217,2753,2,3,4
 1218,2815,3,4,5
 1219,2876,4,5,6
 1220,2938,1,2,3
 1221,3058,2,3,4
 1222,3117,3,4,5
 1223,3178,4,5,6
 1224,3232,1,2,3
 1225,3066,2,3,4
 1226,2973,3,4,5
 1227,2857,4,5,6
 1228,2753,1,2,3
 1229,2639,2,3,4
 1230,2614,3,4,5
 1231,2598,4,5,6
 1232,2587,1,2,3
 1233,2569,2,3,4
 1234,2561,3,4,5
 1235,2555,4,5,6
 1236,2547,1,2,3
 1237,2533,2,3,4
 1238,2526,3,4,5
 1239,2520,4,5,6
 1240,2513,1,2,3
 1241,2499,2,3,4
 1242,2492,3,4,5
 1243,2486,4,5,6
 1244,2479,1,2,3
 1245,2467,2,3,4
 1246,2460,3,4,5
 1247,2453,4,5,6
 1248,2447,1,2,3
 1249,2434,2,3,4
 1250,2428,3,4,5
 1251,2422,4,5,6
 1252,2416,1,2,3
 1253,2404,2,3,4
 1254,2398,3,4,5
 1255,2392,4,5,6
 1256,2386,1,2,3
 1257,2374,2,3,4
 1258,2368,3,4,5
 1259,2363,4,5,6
 1260,2357,1,2,3
 1261,2345,2,3,4
 1262,2340,3,4,5
 1263,2334,4,5,6
 1264,2328,1,2,3
 1265,2317,2,3,4
 1266,2311,3,4,5
 1267,2306,4,5,6
 1268,2300,1,2,3
 1269,2289,2,3,4
 1270,2284,3,4,5
 1271,2279,4,5,6
 1272,2274,1,2,3
 1273,2264,2,3,4
 1274,2258,3,4,5
 1275,2253,4,5,6
 1276,2248,1,2,3
 1277,2237,2,3,4
 1278,2233,3,4,5
 1279,2227,4,5,6
 1280,2222,1,2,3
 1281,2212,2,3,4
 1282,2208,3,4,5
 1283,2202,4,5,6
 1284,2198,1,2,3
 1285,2188,2,3,4
 1286,2183,3,4,5
 1287,2178,4,5,6
 1288,2174,1,2,3
 1289,2165,2,3,4
 1290,2159,3,4,5
 1291,2156,4,5,6
 1292,2150,1,2,3
 1293,2141,2,3,4
 1294,2137,3,4,5
 1295,2132,4,5,6
 1296,2128,1,2,3
 1297,2119,2,3,4
 1298,2114,3,4,5
 1299,2110,4,5,6
 1300,2106,1,2,3
 1301,2097,2,3,4
 1302,2093,3,4,5
 1303,2089,4,5,6
 1304,2084,1,2,3
 1305,2076,2,3,4
 1306,2071,3,4,5
 1307,2068,4,5,6
 1308,2063,1,2,3
 1309,2055,2,3,4
 1310,2051,3,4,5
 1311,2047,4,5,6
 1312,2043,1,2,3
 1313,2035,2,3,4
 1314,2031,3,4,5
 1315,2027,4,5,6
 1316,2023,1,2,3
 1317,2016,2,3,4
 1318,2011,3,4,5
 1319,2008,4,5,6
 1320,2004,1,2,3
 1321,1996,2,3,4
 1322,1993,3,4,5
 1323,1989,4,5,6
 1324,1986,1,2,3
 1325,1978,2,3,4
 1326,1974,3,4,5
 1327,1971,4,5,6
 1328,1967,1,2,3
 1329,1960,2,3,4
 1330,1956,3,4,5
 1331,1953,4,5,6
 1332,1950,1,2,3
 1333,1943,2,3,4
 1334,1939,3,4,5
 1335,1936,4,5,6
 1336,1932,1,2,3
 1337,1926,2,3,4
 1338,1922,3,4,5
 1339,1919,4,5,6
 1340,1916,1,2,3
 1341,1909,2,3,4
 1342,1906,3,4,5
 1343,1902,4,5,6
 1344,1899,1,2,3
 1345,1892,2,3,4
 1346,1889,3,4,5
 1347,1887,4,5,6
 1348,1883,1,2,3
 1349,1877,2,3,4
 1350,1873,3,4,5
 1351,1870,4,5,6
 1352,1867,1,2,3
 1353,1861,2,3,4
 1354,1859,3,4,5
 1355,1856,4,5,6
 1356,1853,1,2,3
 1357,1847,2,3,4
 1358,1843,3,4,5
 1359,1841,4,5,6
 1360,1838,1,2,3
 1361,1833,2,3,4
 1362,1829,3,4,5
 1363,1827,4,5,6
 1364,1824,1,2,3
 1365,1818,2,3,4
 1366,1816,3,4,5
 1367,1813,4,5,6
 1368,1810,1,2,3
 1369,1805,2,3,4
 1370,1802,3,4,5
 1371,1799,4,5,6
 1372,1796,1,2,3
 1373,1791,2,3,4
 1374,1789,3,4,5
 1375,1786,4,5,6
 1376,1784,1,2,3
 1377,1779,2,3,4
 1378,1777,3,4,5
 1379,1773,4,5,6
 1380,1771,1,2,3
 1381,1766,2,3,4
 1382,1763,3,4,5
 1383,1761,4,5,6
 1384,1759,1,2,3
 1385,1754,2,3,4
 1386,1752,3,4,5
 1387,1749,4,5,6
 1388,1746,1,2,3
 1389,1742,2,3,4
 1390,1739,3,4,5
 1391,1737,4,5,6
 1392,1735,1,2,3
 1393,1730,2,3,4
 1394,1728,3,4,5
 1395,1725,4,5,6
 1396,1723,1,2,3
 1397,1719,2,3,4
 1398,1717,3,4,5
 1399,1714,4,5,6
 1400,1713,1,2,3
 1401,1708,2,3,4
 1402,1706,3,4,5
 1403,1704,4,5,6
 1404,1701,1,2,3
 1405,1698,2,3,4
 1406,1695,3,4,5
 1407,1693,4,5,6
 1408,1691,1,2,3
 1409,1686,2,3,4
 1410,1685,3,4,5
 1411,1683,4,5,6
 1412,1682,1,2,3
 1413,1677,2,3,4
 1414,1675,3,4,5
 1415,1673,4,5,6
 1416,1671,1,2,3
 1417,1667,2,3,4
 1418,1665,3,4,5
 1419,1663,4,5,6
 1420,1662,1,2,3
 1421,1658,2,3,4
 1422,1655,3,4,5
 1423,1654,4,5,6
 1424,1652,1,2,3
 1425,1647,2,3,4
 1426,1646,3,4,5
 1427,1645,4,5,6
 1428,1643,1,2,3
 1429,1640,2,3,4
 1430,1638,3,4,5
 1431,1635,4,5,6
 1432,1634,1,2,3
 1433,1631,2,3,4
 1434,1629,3,4,5
 1435,1627,4,5,6
 1436,1625,1,2,3
 1437,1622,2,3,4
 1438,1620,3,4,5
 1439,1618,4,5,6
 1440,1616,1,2,3
 1441,1614,2,3,4
 1442,1612,3,4,5
 1443,1610,4,5,6
 1444,1609,1,2,3
 1445,1605,2,3,4
 1446,1604,3,4,5
 1447,1602,4,5,6
 1448,1600,1,2,3
 1449,1597,2,3,4
 1450,1595,3,4,5
 1451,1594,4,5,6
 1452,1592,1,2,3
 1453,1589,2,3,4
 1454,1588,3,4,5
 1455,1587,4,5,6
 1456,1585,1,2,3
 1457,1582,2,3,4
 1458,1581,3,4,5
 1459,1579,4,5,6
 1460,1577,1,2,3
 1461,1575,2,3,4
 1462,1573,3,4,5
 1463,1573,4,5,6
 1464,1571,1,2,3
 1465,1568,2,3,4
 1466,1567,3,4,5
 1467,1565,4,5,6
 1468,1563,1,2,3
 1469,1561,2,3,4
 1470,1559,3,4,5
 1471,1558,4,5,6
 1472,1557,1,2,3
 1473,1554,2,3,4
 1474,1553,3,4,5
 1475,1552,4,5,6
 1476,1550,1,2,3
 1477,1547,2,3,4
 1478,1546,3,4,5
 1479,1545,4,5,6
 1480,1543,1,2,3
 1481,1541,2,3,4
 1482,1540,3,4,5
 1483,1538,4,5,6
 1484,1537,1,2,3
 1485,1535,2,3,4
 1486,1534,3,4,5
 1487,1533,4,5,6
 1488,1531,1,2,3
 1489,1529,2,3,4
 1490,1528,3,4,5
 1491,1527,4,5,6
 1492,1525,1,2,3
 1493,1523,2,3,4
 1494,1522,3,4,5
 1495,1522,4,5,6
 1496,1520,1,2,3
 1497,1518,2,3,4
 1498,1516,3,4,5
 1499,1515,4,5,6
 1500,1514,1,2,3
 1501,1512,2,3,4
 1502,1511,3,4,5
 1503,1510,4,5,6
 1504,1509,1,2,3
 1505,1507,2,3,4
 1506,1506,3,4,5
 1507,1505,4,5,6
 1508,1504,1,2,3
 1509,1502,2,3,4
 1510,1501,3,4,5
 1511,1500,4,5,6
 1512,1498,1,2,3
 1513,1496,2,3,4
 1514,1495,3,4,5
 1515,1494,4,5,6
 1516,1494,1,2,3
 1517,1492,2,3,4
 1518,1490,3,4,5
 1519,1490,4,5,6
 1520,1489,1,2,3
 1521,1487,2,3,4
 1522,1485,3,4,5
 1523,1485,4,5,6
 1524,1484,1,2,3
 1525,1482,2,3,4
 1526,1481,3,4,5
 1527,1480,4,5,6
 1528,1479,1,2,3
 1529,1477,2,3,4
 1530,1476,3,4,5
 1531,1476,4,5,6
 1532,1475,1,2,3
 1533,1473,2,3,4
 1534,1472,3,4,5
 1535,1471,4,5,6
 1536,1471,1,2,3
 1537,1469,2,3,4
 1538,1468,3,4,5
 1539,1468,4,5,6
 1540,1466,1,2,3
 1541,1465,2,3,4
 1542,1464,3,4,5
 1543,1463,4,5,6
 1544,1462,1,2,3
 1545,1461,2,3,4
 1546,1460,3,4,5
 1547,1459,4,5,6
 1548,1458,1,2,3
 1549,1457,2,3,4
 1550,1456,3,4,5
 1551,1455,4,5,6
 1552,1454,1,2,3
 1553,1454,2,3,4
 1554,1452,3,4,5
 1555,1452,4,5,6
 1556,1451,1,2,3
 1557,1450,2,3,4
 1558,1449,3,4,5
 1559,1448,4,5,6
 1560,1447,1,2,3
 1561,1445,2,3,4
 1562,1445,3,4,5
 1563,1444,4,5,6
 1564,1443,1,2,3
 1565,1442,2,3,4
 1566,1442,3,4,5
 1567,1441,4,5,6
 1568,1440,1,2,3
 1569,1439,2,3,4
 1570,1438,3,4,5
 1571,1437,4,5,6
 1572,1437,1,2,3
 1573,1435,2,3,4
 1574,1434,3,4,5
 1575,1434,4,5,6
 1576,1433,1,2,3
 1577,1432,2,3,4
 1578,1432,3,4,5
 1579,1431,4,5,6
 1580,1430,1,2,3
 1581,1429,2,3,4
 1582,1428,3,4,5
 1583,1428,4,5,6
 1584,1427,1,2,3
 1585,1425,2,3,4
 1586,1425,3,4,5
 1587,1425,4,5,6
 1588,1424,1,2,3
 1589,1423,2,3,4
 1590,1422,3,4,5
 1591,1421,4,5,6
 1592,1421,1,2,3
 1593,1420,2,3,4
 1594,1420,3,4,5
 1595,1419,4,5,6
 1596,1418,1,2,3
 1597,1417,2,3,4
 1598,1417,3,4,5
 1599,1416,4,5,6
 1600,1416,1,2,3
 1601,1415,2,3,4
 1602,1414,3,4,5
 1603,1414,4,5,6
 1604,1413,1,2,3
 1605,1412,2,3,4
 1606,1411,3,4,5
 1607,1411,4,5,6
 1608,1410,1,2,3
 1609,1410,2,3,4
 1610,1409,3,4,5
 1611,1408,4,5,6
 1612,1407,1,2,3
 1613,1407,2,3,4
 1614,1406,3,4,5
 1615,1406,4,5,6
 1616,1405,1,2,3
 1617,1404,2,3,4
 1618,1403,3,4,5
 1619,1403,4,5,6
 1620,1403,1,2,3
 1621,1402,2,3,4
 1622,1401,3,4,5
 1623,1401,4,5,6
 1624,1399,1,2,3
 1625,1399,2,3,4
 1626,1399,3,4,5
 1627,1398,4,5,6
 1628,1398,1,2,3
 1629,1397,2,3,4
 1630,1397,3,4,5
 1631,1396,4,5,6
 1632,1396,1,2,3
 1633,1395,2,3,4
 1634,1395,3,4,5
 1635,1394,4,5,6
 1636,1394,1,2,3
 1637,1393,2,3,4
 1638,1392,3,4,5
 1639,1392,4,5,6
 1640,1392,1,2,3
 1641,1390,2,3,4
 1642,1390,3,4,5
 1643,1390,4,5,6
 1644,1389,1,2,3
 1645,1389,2,3,4
 1646,1388,3,4,5
 1647,1388,4,5,6
 1648,1388,1,2,3
 1649,1387,2,3,4
 1650,1386,3,4,5
 1651,1386,4,5,6
 1652,1386,1,2,3
 1653,1384,2,3,4
 1654,1384,3,4,5
 1655,1385,4,5,6
 1656,1383,1,2,3
 1657,1383,2,3,4
 1658,1382,3,4,5
 1659,1382,4,5,6
 1660,1382,1,2,3
 1661,1381,2,3,4
 1662,1382,3,4,5
 1663,1381,4,5,6
 1664,1381,1,2,3
 1665,1379,2,3,4
 1666,1380,3,4,5
 1667,1379,4,5,6
 1668,1378,1,2,3
 1669,1378,2,3,4
 1670,1377,3,4,5
 1671,1377,4,5,6
 1672,1377,1,2,3
 1673,1376,2,3,4
 1674,1376,3,4,5
 1675,1376,4,5,6
 1676,1376,1,2,3
 1677,1375,2,3,4
 1678,1375,3,4,5
 1679,1374,4,5,6
 1680,1374,1,2,3
 1681,1373,2,3,4
 1682,1373,3,4,5
 1683,1372,4,5,6
 1684,1373,1,2,3
 1685,1372,2,3,4
 1686,1372,3,4,5
 1687,1371,4,5,6
 1688,1370,1,2,3
 1689,1370,2,3,4
 1690,1370,3,4,5
 1691,1370,4,5,6
 1692,1370,1,2,3
 1693,1369,2,3,4
 1694,1368,3,4,5
 1695,1368,4,5,6
 1696,1369,1,2,3
 1697,1367,2,3,4
 1698,1367,3,4,5
 1699,1367,4,5,6
 1700,1367,1,2,3
 1701,1367,2,3,4
 1702,1366,3,4,5
 1703,1366,4,5,6
 1704,1366,1,2,3
 1705,1365,2,3,4
 1706,1365,3,4,5
 1707,1364,4,5,6
 1708,1363,1,2,3
 1709,1364,2,3,4
 1710,1363,3,4,5
 1711,1363,4,5,6
 1712,1363,1,2,3
 1713,1363,2,3,4
 1714,1363,3,4,5
 1715,1362,4,5,6
 1716,1362,1,2,3
 1717,1362,2,3,4
 1718,1361,3,4,5
 1719,1361,4,5,6
 1720,1361,1,2,3
 1721,1361,2,3,4
 1722,1359,3,4,5
 1723,1359,4,5,6
 1724,1359,1,2,3
 1725,1359,2,3,4
 1726,1359,3,4,5
 1727,1358,4,5,6
 1728,1358,1,2,3
 1729,1359,2,3,4
 1730,1358,3,4,5
 1731,1358,4,5,6
 1732,1358,1,2,3
 1733,1357,2,3,4
 1734,1357,3,4,5
 1735,1356,4,5,6
 1736,1357,1,2,3
 1737,1356,2,3,4
 1738,1356,3,4,5
 1739,1356,4,5,6
 1740,1355,1,2,3
 1741,1355,2,3,4
 1742,1355,3,4,5
 1743,1355,4,5,6
 1744,1355,1,2,3
 1745,1354,2,3,4
 1746,1354,3,4,5
 1747,1354,4,5,6
 1748,1354,1,2,3
 1749,1354,2,3,4
 1750,1353,3,4,5
 1751,1353,4,5,6
 1752,1353,1,2,3
 1753,1353,2,3,4
 1754,1352,3,4,5
 1755,1352,4,5,6
 1756,1352,1,2,3
 1757,1351,2,3,4
 1758,1351,3,4,5
 1759,1351,4,5,6
 1760,1351,1,2,3
 1761,1350,2,3,4
 1762,1351,3,4,5
 1763,1350,4,5,6
 1764,1350,1,2,3
 1765,1350,2,3,4
 1766,1350,3,4,5
 1767,1350,4,5,6
 1768,1349,1,2,3
 1769,1349,2,3,4
 1770,1349,3,4,5
 1771,1349,4,5,6
 1772,1348,1,2,3
 1773,1348,2,3,4
 1774,1349,3,4,5
 1775,1348,4,5,6
 1776,1348,1,2,3
 1777,1348,2,3,4
 1778,1348,3,4,5
 1779,1347,4,5,6
 1780,1347,1,2,3
 1781,1347,2,3,4
 1782,1347,3,4,5
 1783,1347,4,5,6
 1784,1347,1,2,3
 1785,1347,2,3,4
 1786,1346,3,4,5
 1787,1346,4,5,6
 1788,1346,1,2,3
 1789,1345,2,3,4
 1790,1345,3,4,5
 1791,1345,4,5,6
 1792,1345,1,2,3
 1793,1345,2,3,4
 1794,1345,3,4,5
 1795,1345,4,5,6
 1796,1344,1,2,3
 1797,1345,2,3,4
 1798,1344,3,4,5
 1799,1344,4,5,6
 1800,1344,1,2,3
 1801,1344,2,3,4
 1802,1343,3,4,5
 1803,1344,4,5,6
 1804,1344,1,2,3
 1805,1343,2,3,4
 1806,1343,3,4,5
 1807,1343,4,5,6
 1808,1343,1,2,3
 1809,1342,2,3,4
 1810,1343,3,4,5
 1811,1342,4,5,6
 1812,1342,1,2,3
 1813,1342,2,3,4
 1814,1342,3,4,5
 1815,1342,4,5,6
 1816,1341,1,2,3
 1817,1342,2,3,4
 1818,1341,3,4,5
 1819,1341,4,5,6
 1820,1341,1,2,3
 1821,1341,2,3,4
 1822,1340,3,4,5
 1823,1341,4,5,6
 1824,1341,1,2,3
 1825,1340,2,3,4
 1826,1341,3,4,5
 1827,1340,4,5,6
 1828,1340,1,2,3
 1829,1340,2,3,4
 1830,1339,3,4,5
 1831,1340,4,5,6
 1832,1339,1,2,3
 1833,1340,2,3,4
 1834,1339,3,4,5
 1835,1339,4,5,6
 1836,1339,1,2,3
 1837,1339,2,3,4
 1838,1339,3,4,5
 1839,1339,4,5,6
 1840,1339,1,2,3
 1841,1338,2,3,4
 1842,1339,3,4,5
 1843,1339,4,5,6
 1844,1339,1,2,3
 1845,1338,2,3,4
 1846,1338,3,4,5
 1847,1338,4,5,6
 1848,1338,1,2,3
 1849,1338,2,3,4
 1850,1338,3,4,5
 1851,1337,4,5,6
 1852,1338,1,2,3
 1853,1338,2,3,4
 1854,1338,3,4,5
 1855,1338,4,5,6
 1856,1337,1,2,3
 1857,1337,2,3,4
 1858,1338,3,4,5
 1859,1337,4,5,6
 1860,1337,1,2,3
 1861,1336,2,3,4
 1862,1337,3,4,5
 1863,1336,4,5,6
 1864,1337,1,2,3
 1865,1336,2,3,4
 1866,1337,3,4,5
 1867,1336,4,5,6
 1868,1336,1,2,3
 1869,1335,2,3,4
 1870,1335,3,4,5
 1871,1335,4,5,6
 1872,1336,1,2,3
 1873,1336,2,3,4
 1874,1336,3,4,5
 1875,1336,4,5,6
 1876,1335,1,2,3
 1877,1335,2,3,4
 1878,1335,3,4,5
 1879,1335,4,5,6
 1880,1335,1,2,3
 1881,1335,2,3,4
 1882,1335,3,4,5
 1883,1335,4,5,6
 1884,1335,1,2,3
 1885,1335,2,3,4
 1886,1335,3,4,5
 1887,1335,4,5,6
 1888,1334,1,2,3
 1889,1334,2,3,4
 1890,1334,3,4,5
 1891,1334,4,5,6
 1892,1334,1,2,3
 1893,1333,2,3,4
 1894,1334,3,4,5
 1895,1334,4,5,6
 1896,1335,1,2,3
 1897,1335,2,3,4
 1898,1334,3,4,5
 1899,1334,4,5,6
 1900,1334,1,2,3
 1901,1334,2,3,4
 1902,1334,3,4,5
 1903,1334,4,5,6
 1904,1334,1,2,3
 1905,1333,2,3,4
 1906,1333,3,4,5
 1907,1333,4,5,6
 1908,1333,1,2,3
 1909,1333,2,3,4
 1910,1334,3,4,5
 1911,1333,4,5,6
 1912,1333,1,2,3
 1913,1333,2,3,4
 1914,1333,3,4,5
 1915,1332,4,5,6
 1916,1333,1,2,3
 1917,1333,2,3,4
 1918,1333,3,4,5
 1919,1332,4,5,6
 1920,1333,1,2,3
 1921,1333,2,3,4
 1922,1332,3,4,5
 1923,1333,4,5,6
 1924,1333,1,2,3
 1925,1332,2,3,4
 1926,1332,3,4,5
 1927,1332,4,5,6
 1928,1332,1,2,3
 1929,1333,2,3,4
 1930,1332,3,4,5
 1931,1333,4,5,6
 1932,1331,1,2,3
 1933,1332,2,3,4
 1934,1332,3,4,5
 1935,1332,4,5,6
 1936,1332,1,2,3
 1937,1332,2,3,4
 1938,1332,3,4,5
 1939,1332,4,5,6
 1940,1332,1,2,3
 1941,1332,2,3,4
 1942,1332,3,4,5
 1943,1332,4,5,6
 1944,1331,1,2,3
 1945,1331,2,3,4
 1946,1331,3,4,5
 1947,1332,4,5,6
 1948,1332,1,2,3
 1949,1331,2,3,4
 1950,1332,3,4,5
 1951,1331,4,5,6
 1952,1332,1,2,3
 1953,1331,2,3,4
 1954,1332,3,4,5
 1955,1332,4,5,6
 1956,1331,1,2,3
 1957,1331,2,3,4
 1958,1332,3,4,5
 1959,1332,4,5,6
 1960,1331,1,2,3
 1961,1331,2,3,4
 1962,1331,3,4,5
 1963,1330,4,5,6
 1964,1331,1,2,3
 1965,1331,2,3,4
 1966,1331,3,4,5
 1967,1332,4,5,6
 1968,1332,1,2,3
 1969,1331,2,3,4
 1970,1331,3,4,5
 1971,1332,4,5,6
 1972,1331,1,2,3
 1973,1332,2,3,4
 1974,1331,3,4,5
 1975,1331,4,5,6
 1976,1331,1,2,3
 1977,1331,2,3,4
 1978,1331,3,4,5
 1979,1331,4,5,6
 1980,1331,1,2,3
 1981,1331,2,3,4
 1982,1331,3,4,5
 1983,1331,4,5,6
 1984,1330,1,2,3
 1985,1330,2,3,4
 1986,1330,3,4,5
 1987,1331,4,5,6
 1988,1331,1,2,3
 1989,1331,2,3,4
 1990,1331,3,4,5
 1991,1331,4,5,6
 1992,1330,1,2,3
 1993,1330,2,3,4
 1994,1331,3,4,5
 1995,1331,4,5,6
 1996,1331,1,2,3
 1997,1331,2,3,4
 1998,1331,3,4,5
 1999,1331,4,5,6
 2000,1331,1,2,3
 2001,1331,2,3,4
 2002,1331,3,4,5
 2003,1331,4,5,6
 2004,1330,1,2,3
 2005,1331,2,3,4
 2006,1331,3,4,5
 2007,1331,4,5,6
 2008,1331,1,2,3
 2009,1331,2,3,4
 2010,1331,3,4,5
 2011,1330,4,5,6
 2012,1330,1,2,3
 2013,1330,2,3,4
 2014,1330,3,4,5
 2015,1330,4,5,6
 2016,1330,1,2,3
 2017,1331,2,3,4
 2018,1331,3,4,5
 2019,1331,4,5,6
 2020,1330,1,2,3
 2021,1330,2,3,4
 2022,1331,3,4,5
 2023,1330,4,5,6
 2024,1330,1,2,3
 2025,1331,2,3,4
 2026,1331,3,4,5
 2027,1330,4,5,6
 2028,1330,1,2,3
 2029,1330,2,3,4
 2030,1331,3,4,5
 2031,1331,4,5,6
 2032,1331,1,2,3
 2033,1330,2,3,4
 2034,1330,3,4,5
 2035,1330,4,5,6
 2036,1330,1,2,3
 2037,1331,2,3,4
 2038,1330,3,4,5
 2039,1330,4,5,6
 2040,1331,1,2,3
 2041,1330,2,3,4
 2042,1330,3,4,5
 2043,1330,4,5,6
 2044,1330,1,2,3
 2045,1330,2,3,4
 2046,1331,3,4,5
 2047,1330,4,5,6
 2048,1330,1,2,3
 2049,1330,2,3,4
 2050,1331,3,4,5
 2051,1330,4,5,6
 2052,1331,1,2,3
 2053,1330,2,3,4
 2054,1330,3,4,5
 2055,1331,4,5,6
 2056,1331,1,2,3
 2057,1331,2,3,4
 2058,1330,3,4,5
 2059,1330,4,5,6
 2060,1330,1,2,3
 2061,1330,2,3,4
 2062,1331,3,4,5
 2063,1330,4,5,6
 2064,1331,1,2,3
 2065,1331,2,3,4
 2066,1331,3,4,5
 2067,1330,4,5,6
 2068,1330,1,2,3
 2069,1330,2,3,4
 2070,1331,3,4,5
 2071,1331,4,5,6
 2072,1331,1,2,3
 2073,1330,2,3,4
 2074,1330,3,4,5
 2075,1331,4,5,6
 2076,1331,1,2,3
 2077,1331,2,3,4
 2078,1331,3,4,5
 2079,1330,4,5,6
 2080,1331,1,2,3
 2081,1331,2,3,4
 2082,1331,3,4,5
 2083,1330,4,5,6
 2084,1330,1,2,3
 2085,1331,2,3,4
 2086,1330,3,4,5
 2087,1331,4,5,6
 2088,1331,1,2,3
 2089,1331,2,3,4
 2090,1331,3,4,5
 2091,1331,4,5,6
 2092,1330,1,2,3
 2093,1330,2,3,4
 2094,1331,3,4,5
 2095,1331,4,5,6
 2096,1331,1,2,3
 2097,1331,2,3,4
 2098,1331,3,4,5
 2099,1332,4,5,6
 2100,1330,1,2,3
 2101,1331,2,3,4
 2102,1330,3,4,5
 2103,1331,4,5,6
 2104,1330,1,2,3
 2105,1331,2,3,4
 2106,1330,3,4,5
 2107,1331,4,5,6
 2108,1331,1,2,3
 2109,1331,2,3,4
 2110,1331,3,4,5
 2111,1331,4,5,6
 2112,1331,1,2,3
 2113,1331,2,3,4
 2114,1331,3,4,5
 2115,1331,4,5,6
 2116,1331,1,2,3
 2117,1331,2,3,4
 2118,1331,3,4,5
 2119,1330,4,5,6
 2120,1331,1,2,3
 2121,1331,2,3,4
 2122,1330,3,4,5
 2123,1331,4,5,6
 2124,1331,1,2,3
 2125,1331,2,3,4
 2126,1331,3,4,5
 2127,1331,4,5,6
 2128,1331,1,2,3
 2129,1331,2,3,4
 2130,1331,3,4,5
 2131,1332,4,5,6
 2132,1331,1,2,3
 2133,1332,2,3,4
 2134,1331,3,4,5
 2135,1331,4,5,6
 2136,1331,1,2,3
 2137,1331,2,3,4
 2138,1331,3,4,5
 2139,1331,4,5,6
 2140,1332,1,2,3
 2141,1331,2,3,4
 2142,1332,3,4,5
 2143,1332,4,5,6
 2144,1331,1,2,3
 2145,1332,2,3,4
 2146,1331,3,4,5
 2147,1332,4,5,6
 2148,1331,1,2,3
 2149,1331,2,3,4
 2150,1332,3,4,5
 2151,1331,4,5,6
 2152,1332,1,2,3
 2153,1332,2,3,4
 2154,1331,3,4,5
 2155,1331,4,5,6
 2156,1331,1,2,3
 2157,1332,2,3,4
 2158,1332,3,4,5
 2159,1331,4,5,6
 2160,1332,1,2,3
 2161,1331,2,3,4
 2162,1332,3,4,5
 2163,1332,4,5,6
 2164,1332,1,2,3
 2165,1332,2,3,4
 2166,1331,3,4,5
 2167,1332,4,5,6
 2168,1332,1,2,3
 2169,1331,2,3,4
 2170,1332,3,4,5
 2171,1332,4,5,6
 2172,1332,1,2,3
 2173,1332,2,3,4
 2174,1332,3,4,5
 2175,1332,4,5,6
 2176,1332,1,2,3
 2177,1332,2,3,4
 2178,1332,3,4,5
 2179,1332,4,5,6
 2180,1332,1,2,3
 2181,1332,2,3,4
 2182,1332,3,4,5
 2183,1332,4,5,6
 2184,1332,1,2,3
 2185,1333,2,3,4
 2186,1331,3,4,5
 2187,1332,4,5,6
 2188,1332,1,2,3
 2189,1332,2,3,4
 2190,1332,3,4,5
 2191,1332,4,5,6
 2192,1332,1,2,3
 2193,1332,2,3,4
 2194,1332,3,4,5
 2195,1333,4,5,6
 2196,1332,1,2,3
 2197,1333,2,3,4
 2198,1332,3,4,5
 2199,1332,4,5,6
 2200,1332,1,2,3
 2201,1332,2,3,4
 2202,1333,3,4,5
 2203,1332,4,5,6
 2204,1332,1,2,3
 2205,1332,2,3,4
 2206,1333,3,4,5
 2207,1333,4,5,6
 2208,1333,1,2,3
 2209,1333,2,3,4
 2210,1333,3,4,5
 2211,1332,4,5,6
 2212,1332,1,2,3
 2213,1332,2,3,4
 2214,1332,3,4,5
 2215,1332,4,5,6
 2216,1333,1,2,3
 2217,1333,2,3,4
 2218,1333,3,4,5
 2219,1333,4,5,6
 2220,1333,1,2,3
 2221,1333,2,3,4
 2222,1332,3,4,5
 2223,1333,4,5,6
 2224,1333,1,2,3
 2225,1333,2,3,4
 2226,1334,3,4,5
 2227,1333,4,5,6
 2228,1333,1,2,3
 2229,1333,2,3,4
 2230,1333,3,4,5
 2231,1333,4,5,6
 2232,1334,1,2,3
 2233,1334,2,3,4
 2234,1333,3,4,5
 2235,1333,4,5,6
 2236,1333,1,2,3
 2237,1333,2,3,4
 2238,1333,3,4,5
 2239,1333,4,5,6
 2240,1333,1,2,3
 2241,1333,2,3,4
 2242,1333,3,4,5
 2243,1333,4,5,6
 2244,1333,1,2,3
 2245,1333,2,3,4
 2246,1334,3,4,5
 2247,1333,4,5,6
 2248,1334,1,2,3
 2249,1334,2,3,4
 2250,1334,3,4,5
 2251,1334,4,5,6
 2252,1333,1,2,3
 2253,1333,2,3,4
 2254,1333,3,4,5
 2255,1333,4,5,6
 2256,1334,1,2,3
 2257,1334,2,3,4
 2258,1334,3,4,5
 2259,1333,4,5,6
 2260,1333,1,2,3
 2261,1334,2,3,4
 2262,1334,3,4,5
 2263,1334,4,5,6
 2264,1334,1,2,3
 2265,1334,2,3,4
 2266,1334,3,4,5
 2267,1334,4,5,6
 2268,1334,1,2,3
 2269,1335,2,3,4
 2270,1334,3,4,5
 2271,1334,4,5,6
 2272,1334,1,2,3
 2273,1335,2,3,4
 2274,1334,3,4,5
 2275,1335,4,5,6
 2276,1334,1,2,3
 2277,1335,2,3,4
 2278,1335,3,4,5
 2279,1334,4,5,6
 2280,1334,1,2,3
 2281,1335,2,3,4
 2282,1335,3,4,5
 2283,1334,4,5,6
 2284,1334,1,2,3
 2285,1334,2,3,4
 2286,1334,3,4,5
 2287,1335,4,5,6
 2288,1335,1,2,3
 2289,1335,2,3,4
 2290,1335,3,4,5
 2291,1335,4,5,6
 2292,1334,1,2,3
 2293,1335,2,3,4
 2294,1335,3,4,5
 2295,1335,4,5,6
 2296,1335,1,2,3
 2297,1335,2,3,4
 2298,1335,3,4,5
 2299,1335,4,5,6
 2300,1335,1,2,3
 2301,1335,2,3,4
 2302,1335,3,4,5
 2303,1335,4,5,6
 2304,1335,1,2,3
 2305,1335,2,3,4
 2306,1335,3,4,5
 2307,1335,4,5,6
 2308,1334,1,2,3
 2309,1336,2,3,4
 2310,1335,3,4,5
 2311,1335,4,5,6
 2312,1335,1,2,3
 2313,1335,2,3,4
 2314,1335,3,4,5
 2315,1335,4,5,6
 2316,1336,1,2,3
 2317,1335,2,3,4
 2318,1335,3,4,5
 2319,1336,4,5,6
 2320,1335,1,2,3
 2321,1336,2,3,4
 2322,1336,3,4,5
 2323,1336,4,5,6
 2324,1335,1,2,3
 2325,1336,2,3,4
 2326,1335,3,4,5
 2327,1336,4,5,6
 2328,1335,1,2,3
 2329,1336,2,3,4
 2330,1336,3,4,5
 2331,1336,4,5,6
 2332,1336,1,2,3
 2333,1336,2,3,4
 2334,1336,3,4,5
 2335,1336,4,5,6
 2336,1336,1,2,3
 2337,1336,2,3,4
 2338,1337,3,4,5
 2339,1336,4,5,6
 2340,1336,1,2,3
 2341,1336,2,3,4
 2342,1336,3,4,5
 2343,1336,4,5,6
 2344,1336,1,2,3
 2345,1337,2,3,4
 2346,1336,3,4,5
 2347,1336,4,5,6
 2348,1337,1,2,3
 2349,1335,2,3,4
 2350,1336,3,4,5
 2351,1336,4,5,6
 2352,1336,1,2,3
 2353,1336,2,3,4
 2354,1337,3,4,5
 2355,1337,4,5,6
 2356,1336,1,2,3
 2357,1336,2,3,4
 2358,1336,3,4,5
 2359,1337,4,5,6
 2360,1337,1,2,3
 2361,1337,2,3,4
 2362,1337,3,4,5
 2363,1337,4,5,6
 2364,1337,1,2,3
 2365,1337,2,3,4
 2366,1337,3,4,5
 2367,1337,4,5,6
 2368,1337,1,2,3
 2369,1336,2,3,4
 2370,1337,3,4,5
 2371,1337,4,5,6
 2372,1337,1,2,3
 2373,1337,2,3,4
 2374,1337,3,4,5
 2375,1337,4,5,6
 2376,1337,1,2,3
 2377,1337,2,3,4
 2378,1337,3,4,5
 2379,1337,4,5,6
 2380,1337,1,2,3
 2381,1338,2,3,4
 2382,1337,3,4,5
 2383,1337,4,5,6
 2384,1337,1,2,3
 2385,1337,2,3,4
 2386,1337,3,4,5
 2387,1337,4,5,6
 2388,1338,1,2,3
 2389,1338,2,3,4
 2390,1337,3,4,5
 2391,1338,4,5,6
 2392,1337,1,2,3
 2393,1338,2,3,4
 2394,1337,3,4,5
 2395,1337,4,5,6
 2396,1338,1,2,3
 2397,1337,2,3,4
 2398,1338,3,4,5
 2399,1338,4,5,6
 2400,1338,1,2,3
 2401,1337,2,3,4
 2402,1338,3,4,5
 2403,1338,4,5,6
 2404,1338,1,2,3
 2405,1338,2,3,4
 2406,1338,3,4,5
 2407,1338,4,5,6
 2408,1338,1,2,3
 2409,1338,2,3,4
 2410,1337,3,4,5
 2411,1337,4,5,6
 2412,1337,1,2,3
 2413,1338,2,3,4
 2414,1338,3,4,5
 2415,1338,4,5,6
 2416,1338,1,2,3
 2417,1338,2,3,4
 2418,1339,3,4,5
 2419,1339,4,5,6
 2420,1337,1,2,3
 2421,1338,2,3,4
 2422,1338,3,4,5
 2423,1338,4,5,6
 2424,1338,1,2,3
 2425,1338,2,3,4
 2426,1338,3,4,5
 2427,1338,4,5,6
 2428,1338,1,2,3
 2429,1338,2,3,4
 2430,1338,3,4,5
 2431,1338,4,5,6
 2432,1339,1,2,3
 2433,1339,2,3,4
 2434,1339,3,4,5
 2435,1339,4,5,6
 2436,1339,1,2,3
 2437,1339,2,3,4
 2438,1339,3,4,5
 2439,1339,4,5,6
 2440,1339,1,2,3
 2441,1339,2,3,4
 2442,1338,3,4,5
 2443,1339,4,5,6
 2444,1339,1,2,3
 2445,1339,2,3,4
 2446,1339,3,4,5
 2447,1339,4,5,6
 2448,1339,1,2,3
 2449,1338,2,3,4
 2450,1338,3,4,5
 2451,1339,4,5,6
 2452,1339,1,2,3
 2453,1339,2,3,4
 2454,1339,3,4,5
 2455,1339,4,5,6
 2456,1338,1,2,3
 2457,1340,2,3,4
 2458,1339,3,4,5
 2459,1339,4,5,6
 2460,1339,1,2,3
 2461,1340,2,3,4
 2462,1339,3,4,5
 2463,1340,4,5,6
 2464,1339,1,2,3
 2465,1339,2,3,4
 2466,1339,3,4,5
 2467,1339,4,5,6
 2468,1339,1,2,3
 2469,1339,2,3,4
 2470,1340,3,4,5
 2471,1340,4,5,6
 2472,1339,1,2,3
 2473,1340,2,3,4
 2474,1339,3,4,5
 2475,1340,4,5,6
 2476,1340,1,2,3
 2477,1339,2,3,4
 2478,1340,3,4,5
 2479,1340,4,5,6
 2480,1339,1,2,3
 2481,1340,2,3,4
 2482,1340,3,4,5
 2483,1340,4,5,6
 2484,1340,1,2,3
 2485,1340,2,3,4
 2486,1340,3,4,5
 2487,1340,4,5,6
 2488,1340,1,2,3
 2489,1340,2,3,4
 2490,1340,3,4,5
 2491,1340,4,5,6
 2492,1340,1,2,3
 2493,1340,2,3,4
 2494,1340,3,4,5
 2495,1340,4,5,6
 2496,1340,1,2,3
 2497,1340,2,3,4
 2498,1341,3,4,5
 2499,1340,4,5,6
 2500,1340,1,2,3
 2501,1340,2,3,4
 2502,1340,3,4,5
 2503,1341,4,5,6
 2504,1340,1,2,3
 2505,1341,2,3,4
 2506,1341,3,4,5
 2507,1340,4,5,6
 2508,1341,1,2,3
 2509,1341,2,3,4
 2510,1340,3,4,5
 2511,1341,4,5,6
 2512,1341,1,2,3
 2513,1341,2,3,4
 2514,1341,3,4,5
 2515,1341,4,5,6
 2516,1340,1,2,3
 2517,1341,2,3,4
 2518,1341,3,4,5
 2519,1340,4,5,6
 2520,1341,1,2,3
 2521,1341,2,3,4
 2522,1341,3,4,5
 2523,1341,4,5,6
 2524,1341,1,2,3
 2525,1341,2,3,4
 2526,1341,3,4,5
 2527,1341,4,5,6
 2528,1341,1,2,3
 2529,1341,2,3,4
 2530,1341,3,4,5
 2531,1342,4,5,6
 2532,1341,1,2,3
 2533,1341,2,3,4
 2534,1342,3,4,5
 2535,1341,4,5,6
 2536,1341,1,2,3
 2537,1341,2,3,4
 2538,1341,3,4,5
 2539,1341,4,5,6
 2540,1342,1,2,3
 2541,1341,2,3,4
 2542,1341,3,4,5
 2543,1342,4,5,6
 2544,1341,1,2,3
 2545,1342,2,3,4
 2546,1342,3,4,5
 2547,1341,4,5,6
 2548,1341,1,2,3
 2549,1342,2,3,4
 2550,1342,3,4,5
 2551,1341,4,5,6
 2552,1342,1,2,3
 2553,1342,2,3,4
 2554,1341,3,4,5
 2555,1342,4,5,6
 2556,1342,1,2,3
 2557,1342,2,3,4
 2558,1342,3,4,5
 2559,1342,4,5,6
 2560,1342,1,2,3
 2561,1341,2,3,4
 2562,1342,3,4,5
 2563,1342,4,5,6
 2564,1342,1,2,3
 2565,1342,2,3,4
 2566,1343,3,4,5
 2567,1341,4,5,6
 2568,1342,1,2,3
 2569,1342,2,3,4
 2570,1342,3,4,5
 2571,1342,4,5,6
 2572,1342,1,2,3
 2573,1342,2,3,4
 2574,1342,3,4,5
 2575,1342,4,5,6
 2576,1343,1,2,3
 2577,1342,2,3,4
 2578,1342,3,4,5
 2579,1343,4,5,6
 2580,1341,1,2,3
 2581,1342,2,3,4
 2582,1343,3,4,5
 2583,1342,4,5,6
 2584,1342,1,2,3
 2585,1343,2,3,4
 2586,1343,3,4,5
 2587,1343,4,5,6
 2588,1343,1,2,3
 2589,1343,2,3,4
 2590,1343,3,4,5
 2591,1343,4,5,6
 2592,1343,1,2,3
 2593,1343,2,3,4
 2594,1343,3,4,5
 2595,1343,4,5,6
 2596,1343,1,2,3
 2597,1343,2,3,4
 2598,1343,3,4,5
 2599,1343,4,5,6
 2600,1343,1,2,3
 2601,1343,2,3,4
 2602,1343,3,4,5
 2603,1344,4,5,6
 2604,1343,1,2,3
 2605,1344,2,3,4
 2606,1343,3,4,5
 2607,1343,4,5,6
 2608,1343,1,2,3
 2609,1343,2,3,4
 2610,1343,3,4,5
 2611,1343,4,5,6
 2612,1344,1,2,3
 2613,1343,2,3,4
 2614,1344,3,4,5
 2615,1343,4,5,6
 2616,1343,1,2,3
 2617,1344,2,3,4
 2618,1343,3,4,5
 2619,1343,4,5,6
 2620,1343,1,2,3
 2621,1344,2,3,4
 2622,1344,3,4,5
 2623,1344,4,5,6
 2624,1344,1,2,3
 2625,1344,2,3,4
 2626,1344,3,4,5
 2627,1344,4,5,6
 2628,1344,1,2,3
 2629,1344,2,3,4
 2630,1344,3,4,5
 2631,1344,4,5,6
 2632,1344,1,2,3
 2633,1344,2,3,4
 2634,1343,3,4,5
 2635,1344,4,5,6
 2636,1344,1,2,3
 2637,1345,2,3,4
 2638,1344,3,4,5
 2639,1344,4,5,6
 2640,1344,1,2,3
 2641,1344,2,3,4
 2642,1344,3,4,5
 2643,1345,4,5,6
 2644,1344,1,2,3
 2645,1344,2,3,4
 2646,1344,3,4,5
 2647,1345,4,5,6
 2648,1344,1,2,3
 2649,1345,2,3,4
 2650,1345,3,4,5
 2651,1345,4,5,6
 2652,1345,1,2,3
 2653,1344,2,3,4
 2654,1345,3,4,5
 2655,1344,4,5,6
 2656,1345,1,2,3
 2657,1345,2,3,4
 2658,1345,3,4,5
 2659,1345,4,5,6
 2660,1345,1,2,3
 2661,1345,2,3,4
 2662,1345,3,4,5
 2663,1345,4,5,6
 2664,1345,1,2,3
 2665,1345,2,3,4
 2666,1344,3,4,5
 2667,1344,4,5,6
 2668,1344,1,2,3
 2669,1344,2,3,4
 2670,1344,3,4,5
 2671,1344,4,5,6
 2672,1345,1,2,3
 2673,1345,2,3,4
 2674,1345,3,4,5
 2675,1345,4,5,6
 2676,1345,1,2,3
 2677,1345,2,3,4
 2678,1345,3,4,5
 2679,1345,4,5,6
 2680,1345,1,2,3
 2681,1345,2,3,4
 2682,1345,3,4,5
 2683,1345,4,5,6
 2684,1346,1,2,3
 2685,1344,2,3,4
 2686,1346,3,4,5
 2687,1346,4,5,6
 2688,1346,1,2,3
 2689,1346,2,3,4
 2690,1345,3,4,5
 2691,1346,4,5,6
 2692,1346,1,2,3
 2693,1346,2,3,4
 2694,1346,3,4,5
 2695,1345,4,5,6
 2696,1346,1,2,3
 2697,1346,2,3,4
 2698,1346,3,4,5
 2699,1346,4,5,6
 2700,1346,1,2,3
 2701,1346,2,3,4
 2702,1346,3,4,5
 2703,1346,4,5,6
 2704,1346,1,2,3
 2705,1346,2,3,4
 2706,1346,3,4,5
 2707,1347,4,5,6
 2708,1346,1,2,3
 2709,1346,2,3,4
 2710,1346,3,4,5
 2711,1346,4,5,6
 2712,1346,1,2,3
 2713,1346,2,3,4
 2714,1347,3,4,5
 2715,1346,4,5,6
 2716,1346,1,2,3
 2717,1346,2,3,4
 2718,1346,3,4,5
 2719,1346,4,5,6
 2720,1346,1,2,3
 2721,1346,2,3,4
 2722,1346,3,4,5
 2723,1346,4,5,6
 2724,1346,1,2,3
 2725,1346,2,3,4
 2726,1346,3,4,5
 2727,1347,4,5,6
 2728,1346,1,2,3
 2729,1347,2,3,4
 2730,1346,3,4,5
 2731,1346,4,5,6
 2732,1346,1,2,3
 2733,1346,2,3,4
 2734,1347,3,4,5
 2735,1347,4,5,6
 2736,1347,1,2,3
 2737,1347,2,3,4
 2738,1347,3,4,5
 2739,1347,4,5,6
 2740,1346,1,2,3
 2741,1347,2,3,4
 2742,1348,3,4,5
 2743,1347,4,5,6
 2744,1346,1,2,3
 2745,1347,2,3,4
 2746,1347,3,4,5
 2747,1346,4,5,6
 2748,1346,1,2,3
 2749,1347,2,3,4
 2750,1348,3,4,5
 2751,1347,4,5,6
 2752,1347,1,2,3
 2753,1347,2,3,4
 2754,1347,3,4,5
 2755,1347,4,5,6
 2756,1347,1,2,3
 2757,1347,2,3,4
 2758,1347,3,4,5
 2759,1347,4,5,6
 2760,1347,1,2,3
 2761,1347,2,3,4
 2762,1347,3,4,5
 2763,1347,4,5,6
 2764,1347,1,2,3
 2765,1347,2,3,4
 2766,1347,3,4,5
 2767,1347,4,5,6
 2768,1347,1,2,3
 2769,1348,2,3,4
 2770,1347,3,4,5
 2771,1347,4,5,6
 2772,1347,1,2,3
 2773,1348,2,3,4
 2774,1348,3,4,5
 2775,1348,4,5,6
 2776,1347,1,2,3
 2777,1348,2,3,4
 2778,1348,3,4,5
 2779,1348,4,5,6
 2780,1347,1,2,3
 2781,1348,2,3,4
 2782,1348,3,4,5
 2783,1347,4,5,6
 2784,1347,1,2,3
 2785,1348,2,3,4
 2786,1348,3,4,5
 2787,1348,4,5,6
 2788,1348,1,2,3
 2789,1349,2,3,4
 2790,1348,3,4,5
 2791,1348,4,5,6
 2792,1348,1,2,3
 2793,1348,2,3,4
 2794,1348,3,4,5
 2795,1348,4,5,6
 2796,1348,1,2,3
 2797,1349,2,3,4
 2798,1349,3,4,5
 2799,1349,4,5,6
 2800,1349,1,2,3
 2801,1349,2,3,4
 2802,1348,3,4,5
 2803,1349,4,5,6
 2804,1348,1,2,3
 2805,1348,2,3,4
 2806,1348,3,4,5
 2807,1348,4,5,6
 2808,1348,1,2,3
 2809,1348,2,3,4
 2810,1348,3,4,5
 2811,1348,4,5,6
 2812,1348,1,2,3
 2813,1349,2,3,4
 2814,1349,3,4,5
 2815,1348,4,5,6
 2816,1348,1,2,3
 2817,1349,2,3,4
 2818,1349,3,4,5
 2819,1349,4,5,6
 2820,1349,1,2,3
 2821,1349,2,3,4
 2822,1348,3,4,5
 2823,1349,4,5,6
 2824,1349,1,2,3
 2825,1349,2,3,4
 2826,1350,3,4,5
 2827,1349,4,5,6
 2828,1349,1,2,3
 2829,1349,2,3,4
 2830,1349,3,4,5
 2831,1349,4,5,6
 2832,1349,1,2,3
 2833,1349,2,3,4
 2834,1350,3,4,5
 2835,1349,4,5,6
 2836,1349,1,2,3
 2837,1349,2,3,4
 2838,1350,3,4,5
 2839,1349,4,5,6
 2840,1349,1,2,3
 2841,1349,2,3,4
 2842,1349,3,4,5
 2843,1349,4,5,6
 2844,1349,1,2,3
 2845,1349,2,3,4
 2846,1349,3,4,5
 2847,1349,4,5,6
 2848,1350,1,2,3
 2849,1350,2,3,4
 2850,1349,3,4,5
 2851,1350,4,5,6
 2852,1350,1,2,3
 2853,1350,2,3,4
 2854,1350,3,4,5
 2855,1350,4,5,6
 2856,1350,1,2,3
 2857,1350,2,3,4
 2858,1350,3,4,5
 2859,1350,4,5,6
 2860,1350,1,2,3
 2861,1350,2,3,4
 2862,1350,3,4,5
 2863,1349,4,5,6
 2864,1350,1,2,3
 2865,1350,2,3,4
 2866,1349,3,4,5
 2867,1350,4,5,6
 2868,1350,1,2,3
 2869,1350,2,3,4
 2870,1350,3,4,5
 2871,1350,4,5,6
 2872,1350,1,2,3
 2873,1350,2,3,4
 2874,1350,3,4,5
 2875,1351,4,5,6
 2876,1350,1,2,3
 2877,1350,2,3,4
 2878,1350,3,4,5
 2879,1351,4,5,6
 2880,1351,1,2,3
 2881,1351,2,3,4
 2882,1351,3,4,5
 2883,1351,4,5,6
 2884,1350,1,2,3
 2885,1350,2,3,4
 2886,1351,3,4,5
 2887,1350,4,5,6
 2888,1351,1,2,3
 2889,1350,2,3,4
 2890,1351,3,4,5
 2891,1351,4,5,6
 2892,1351,1,2,3
 2893,1351,2,3,4
 2894,1351,3,4,5
 2895,1351,4,5,6
 2896,1351,1,2,3
 2897,1351,2,3,4
 2898,1351,3,4,5
 2899,1351,4,5,6
 2900,1351,1,2,3
 2901,1351,2,3,4
 2902,1351,3,4,5
 2903,1351,4,5,6
 2904,1350,1,2,3
 2905,1351,2,3,4
 2906,1351,3,4,5
 2907,1351,4,5,6
 2908,1350,1,2,3
 2909,1352,2,3,4
 2910,1351,3,4,5
 2911,1351,4,5,6
 2912,1351,1,2,3
 2913,1351,2,3,4
 2914,1351,3,4,5
 2915,1351,4,5,6
 2916,1351,1,2,3
 2917,1351,2,3,4
 2918,1352,3,4,5
 2919,1352,4,5,6
 2920,1351,1,2,3
 2921,1352,2,3,4
 2922,1352,3,4,5
 2923,1351,4,5,6
 2924,1352,1,2,3
 2925,1352,2,3,4
 2926,1351,3,4,5
 2927,1352,4,5,6
 2928,1351,1,2,3
 2929,1351,2,3,4
 2930,1352,3,4,5
 2931,1352,4,5,6
 2932,1352,1,2,3
 2933,1352,2,3,4
 2934,1352,3,4,5
 2935,1352,4,5,6
 2936,1351,1,2,3
 2937,1352,2,3,4
 2938,1352,3,4,5
 2939,1353,4,5,6
 2940,1352,1,2,3
 2941,1352,2,3,4
 2942,1353,3,4,5
 2943,1352,4,5,6
 2944,1353,1,2,3
 2945,1353,2,3,4
 2946,1352,3,4,5
 2947,1352,4,5,6
 2948,1352,1,2,3
 2949,1352,2,3,4
 2950,1352,3,4,5
 2951,1352,4,5,6
 2952,1352,1,2,3
 2953,1352,2,3,4
 2954,1351,3,4,5
 2955,1352,4,5,6
 2956,1353,1,2,3
 2957,1352,2,3,4
 2958,1353,3,4,5
 2959,1353,4,5,6
 2960,1352,1,2,3
 2961,1352,2,3,4
 2962,1352,3,4,5
 2963,1352,4,5,6
 2964,1352,1,2,3
 2965,1353,2,3,4
 2966,1353,3,4,5
 2967,1353,4,5,6
 2968,1353,1,2,3
 2969,1352,2,3,4
 2970,1353,3,4,5
 2971,1353,4,5,6
 2972,1352,1,2,3
 2973,1353,2,3,4
 2974,1353,3,4,5
 2975,1353,4,5,6
 2976,1353,1,2,3
 2977,1353,2,3,4
 2978,1353,3,4,5
 2979,1353,4,5,6
 2980,1353,1,2,3
 2981,1353,2,3,4
 2982,1353,3,4,5
 2983,1353,4,5,6
 2984,1353,1,2,3
 2985,1353,2,3,4
 2986,1353,3,4,5
 2987,1353,4,5,6
 2988,1352,1,2,3
 2989,1353,2,3,4
 2990,1354,3,4,5
 2991,1353,4,5,6
 2992,1353,1,2,3
 2993,1353,2,3,4
 2994,1353,3,4,5
 2995,1353,4,5,6
 2996,1353,1,2,3
 2997,1353,2,3,4
 2998,1353,3,4,5
 2999,1353,4,5,6
 3000,1354,1,2,3
 3001,1353,2,3,4
 3002,1353,3,4,5
 3003,1353,4,5,6
 3004,1353,1,2,3
 3005,1353,2,3,4
 3006,1353,3,4,5
 3007,1353,4,5,6
 3008,1354,1,2,3
 3009,1354,2,3,4
 3010,1353,3,4,5
 3011,1354,4,5,6
 3012,1354,1,2,3
 3013,1354,2,3,4
 3014,1353,3,4,5
 3015,1354,4,5,6
 3016,1354,1,2,3
 3017,1354,2,3,4
 3018,1354,3,4,5
 3019,1354,4,5,6
 3020,1354,1,2,3
 3021,1354,2,3,4
 3022,1354,3,4,5
 3023,1354,4,5,6
 3024,1353,1,2,3
 3025,1354,2,3,4
 3026,1354,3,4,5
 3027,1354,4,5,6
 3028,1354,1,2,3
 3029,1354,2,3,4
 3030,1354,3,4,5
 3031,1354,4,5,6
 3032,1353,1,2,3
 3033,1354,2,3,4
 3034,1354,3,4,5
 3035,1353,4,5,6
 3036,1353,1,2,3
 3037,1354,2,3,4
 3038,1354,3,4,5
 3039,1355,4,5,6
 3040,1354,1,2,3
 3041,1354,2,3,4
 3042,1354,3,4,5
 3043,1354,4,5,6
 3044,1354,1,2,3
 3045,1354,2,3,4
 3046,1354,3,4,5
 3047,1354,4,5,6
 3048,1354,1,2,3
 3049,1354,2,3,4
 3050,1354,3,4,5
 3051,1354,4,5,6
 3052,1354,1,2,3
 3053,1354,2,3,4
 3054,1354,3,4,5
 3055,1354,4,5,6
 3056,1354,1,2,3
 3057,1354,2,3,4
 3058,1354,3,4,5
 3059,1354,4,5,6
 3060,1355,1,2,3
 3061,1354,2,3,4
 3062,1354,3,4,5
 3063,1355,4,5,6
 3064,1355,1,2,3
 3065,1354,2,3,4
 3066,1355,3,4,5
 3067,1354,4,5,6
 3068,1355,1,2,3
 3069,1355,2,3,4
 3070,1356,3,4,5
 3071,1355,4,5,6
 3072,1355,1,2,3
 3073,1354,2,3,4
 3074,1355,3,4,5
 3075,1355,4,5,6
 3076,1355,1,2,3
 3077,1355,2,3,4
 3078,1355,3,4,5
 3079,1355,4,5,6
 3080,1355,1,2,3
 3081,1355,2,3,4
 3082,1355,3,4,5
 3083,1355,4,5,6
 3084,1355,1,2,3
 3085,1355,2,3,4
 3086,1355,3,4,5
 3087,1355,4,5,6
 3088,1355,1,2,3
 3089,1355,2,3,4
 3090,1355,3,4,5
 3091,1355,4,5,6
 3092,1355,1,2,3
 3093,1355,2,3,4
 3094,1355,3,4,5
 3095,1355,4,5,6
 3096,1355,1,2,3
 3097,1355,2,3,4
 3098,1356,3,4,5
 3099,1355,4,5,6
 3100,1355,1,2,3
 3101,1356,2,3,4
 3102,1355,3,4,5
 3103,1355,4,5,6
 3104,1355,1,2,3
 3105,1355,2,3,4
 3106,1355,3,4,5
 3107,1355,4,5,6
 3108,1355,1,2,3
 3109,1355,2,3,4
 3110,1356,3,4,5
 3111,1355,4,5,6
 3112,1355,1,2,3
 3113,1355,2,3,4
 3114,1355,3,4,5
 3115,1356,4,5,6
 3116,1356,1,2,3
 3117,1356,2,3,4
 3118,1356,3,4,5
 3119,1355,4,5,6
 3120,1355,1,2,3
 3121,1355,2,3,4
 3122,1356,3,4,5
 3123,1355,4,5,6
 3124,1356,1,2,3
 3125,1356,2,3,4
 3126,1356,3,4,5
 3127,1356,4,5,6
 3128,1357,1,2,3
 3129,1356,2,3,4
 3130,1356,3,4,5
 3131,1355,4,5,6
 3132,1356,1,2,3
 3133,1356,2,3,4
 3134,1357,3,4,5
 3135,1356,4,5,6
 3136,1356,1,2,3
 3137,1356,2,3,4
 3138,1356,3,4,5
 3139,1356,4,5,6
 3140,1356,1,2,3
 3141,1357,2,3,4
 3142,1356,3,4,5
 3143,1356,4,5,6
 3144,1356,1,2,3
 3145,1357,2,3,4
 3146,1357,3,4,5
 3147,1357,4,5,6
 3148,1357,1,2,3
 3149,1357,2,3,4
 3150,1357,3,4,5
 3151,1357,4,5,6
 3152,1357,1,2,3
 3153,1357,2,3,4
 3154,1357,3,4,5
 3155,1357,4,5,6
 3156,1356,1,2,3
 3157,1357,2,3,4
 3158,1357,3,4,5
 3159,1357,4,5,6
 3160,1356,1,2,3
 3161,1357,2,3,4
 3162,1357,3,4,5
 3163,1357,4,5,6
 3164,1356,1,2,3
 3165,1357,2,3,4
 3166,1357,3,4,5
 3167,1356,4,5,6
 3168,1357,1,2,3
 3169,1357,2,3,4
 3170,1357,3,4,5
 3171,1357,4,5,6
 3172,1357,1,2,3
 3173,1357,2,3,4
 3174,1357,3,4,5
 3175,1357,4,5,6
 3176,1357,1,2,3
 3177,1358,2,3,4
 3178,1357,3,4,5
 3179,1357,4,5,6
 3180,1357,1,2,3
 3181,1357,2,3,4
 3182,1358,3,4,5
 3183,1357,4,5,6
 3184,1357,1,2,3
 3185,1357,2,3,4
 3186,1358,3,4,5
 3187,1358,4,5,6
 3188,1358,1,2,3
 3189,1358,2,3,4
 3190,1358,3,4,5
 3191,1358,4,5,6
 3192,1358,1,2,3
 3193,1358,2,3,4
 3194,1358,3,4,5
 3195,1358,4,5,6
 3196,1357,1,2,3
 3197,1357,2,3,4
 3198,1357,3,4,5
 3199,1357,4,5,6
 3200,1358,1,2,3
 3201,1357,2,3,4
 3202,1357,3,4,5
 3203,1358,4,5,6
 3204,1358,1,2,3
 3205,1357,2,3,4
 3206,1357,3,4,5
 3207,1358,4,5,6
 3208,1357,1,2,3
 3209,1357,2,3,4
 3210,1358,3,4,5
 3211,1358,4,5,6
 3212,1358,1,2,3
 3213,1358,2,3,4
 3214,1358,3,4,5
 3215,1357,4,5,6
 3216,1357,1,2,3
 3217,1358,2,3,4
 3218,1358,3,4,5
 3219,1358,4,5,6
 3220,1358,1,2,3
 3221,1358,2,3,4
 3222,1358,3,4,5
 3223,1358,4,5,6
 3224,1358,1,2,3
 3225,1358,2,3,4
 3226,1358,3,4,5
 3227,1358,4,5,6
 3228,1358,1,2,3
 3229,1358,2,3,4
 3230,1358,3,4,5
 3231,1358,4,5,6
 3232,1358,1,2,3
 3233,1359,2,3,4
 3234,1358,3,4,5
 3235,1358,4,5,6
 3236,1358,1,2,3
 3237,1358,2,3,4
 3238,1359,3,4,5
 3239,1358,4,5,6
 3240,1359,1,2,3
 3241,1358,2,3,4
 3242,1358,3,4,5
 3243,1358,4,5,6
 3244,1358,1,2,3
 3245,1358,2,3,4
 3246,1358,3,4,5
 3247,1359,4,5,6
 3248,1359,1,2,3
 3249,1359,2,3,4
 3250,1359,3,4,5
 3251,1359,4,5,6
 3252,1359,1,2,3
 3253,1358,2,3,4
 3254,1359,3,4,5
 3255,1359,4,5,6
 3256,1358,1,2,3
 3257,1359,2,3,4
 3258,1359,3,4,5
 3259,1358,4,5,6
 3260,1359,1,2,3
 3261,1359,2,3,4
 3262,1358,3,4,5
 3263,1359,4,5,6
 3264,1359,1,2,3
 3265,1359,2,3,4
 3266,1358,3,4,5
 3267,1358,4,5,6
 3268,1358,1,2,3
 3269,1359,2,3,4
 3270,1359,3,4,5
 3271,1359,4,5,6
 3272,1359,1,2,3
 3273,1359,2,3,4
 3274,1359,3,4,5
 3275,1359,4,5,6
 3276,1359,1,2,3
 3277,1359,2,3,4
 3278,1359,3,4,5
 3279,1360,4,5,6
 3280,1360,1,2,3
 3281,1359,2,3,4
 3282,1359,3,4,5
 3283,1360,4,5,6
 3284,1360,1,2,3
 3285,1360,2,3,4
 3286,1360,3,4,5
 3287,1360,4,5,6
 3288,1360,1,2,3
 3289,1360,2,3,4
 3290,1359,3,4,5
 3291,1360,4,5,6
 3292,1359,1,2,3
 3293,1360,2,3,4
 3294,1360,3,4,5
 3295,1359,4,5,6
 3296,1360,1,2,3
 3297,1360,2,3,4
 3298,1360,3,4,5
 3299,1360,4,5,6
 3300,1359,1,2,3
 3301,1360,2,3,4
 3302,1359,3,4,5
 3303,1360,4,5,6
 3304,1359,1,2,3
 3305,1360,2,3,4
 3306,1359,3,4,5
 3307,1360,4,5,6
 3308,1360,1,2,3
 3309,1359,2,3,4
 3310,1359,3,4,5
 3311,1360,4,5,6
 3312,1360,1,2,3
 3313,1360,2,3,4
 3314,1360,3,4,5
 3315,1360,4,5,6
 3316,1360,1,2,3
 3317,1360,2,3,4
 3318,1360,3,4,5
 3319,1360,4,5,6
 3320,1360,1,2,3
 3321,1360,2,3,4
 3322,1360,3,4,5
 3323,1360,4,5,6
 3324,1360,1,2,3
 3325,1360,2,3,4
 3326,1360,3,4,5
 3327,1360,4,5,6
 3328,1360,1,2,3
 3329,1360,2,3,4
 3330,1360,3,4,5
 3331,1361,4,5,6
 3332,1360,1,2,3
 3333,1360,2,3,4
 3334,1360,3,4,5
 3335,1360,4,5,6
 3336,1360,1,2,3
 3337,1361,2,3,4
 3338,1360,3,4,5
 3339,1360,4,5,6
 3340,1360,1,2,3
 3341,1361,2,3,4
 3342,1361,3,4,5
 3343,1360,4,5,6
 3344,1360,1,2,3
 3345,1361,2,3,4
 3346,1361,3,4,5
 3347,1361,4,5,6
 3348,1360,1,2,3
 3349,1361,2,3,4
 3350,1360,3,4,5
 3351,1361,4,5,6
 3352,1361,1,2,3
 3353,1360,2,3,4
 3354,1361,3,4,5
 3355,1361,4,5,6
 3356,1361,1,2,3
 3357,1360,2,3,4
 3358,1361,3,4,5
 3359,1361,4,5,6
 3360,1361,1,2,3
 3361,1361,2,3,4
 3362,1361,3,4,5
 3363,1362,4,5,6
 3364,1361,1,2,3
 3365,1361,2,3,4
 3366,1360,3,4,5
 3367,1360,4,5,6
 3368,1361,1,2,3
 3369,1361,2,3,4
 3370,1361,3,4,5
 3371,1361,4,5,6
 3372,1362,1,2,3
 3373,1361,2,3,4
 3374,1361,3,4,5
 3375,1362,4,5,6
 3376,1361,1,2,3
 3377,1361,2,3,4
 3378,1361,3,4,5
 3379,1362,4,5,6
 3380,1361,1,2,3
 3381,1361,2,3,4
 3382,1362,3,4,5
 3383,1362,4,5,6
 3384,1361,1,2,3
 3385,1361,2,3,4
 3386,1361,3,4,5
 3387,1361,4,5,6
 3388,1362,1,2,3
 3389,1361,2,3,4
 3390,1362,3,4,5
 3391,1361,4,5,6
 3392,1361,1,2,3
 3393,1361,2,3,4
 3394,1362,3,4,5
 3395,1362,4,5,6
 3396,1361,1,2,3
 3397,1361,2,3,4
 3398,1362,3,4,5
 3399,1362,4,5,6
 3400,1362,1,2,3
 3401,1362,2,3,4
 3402,1361,3,4,5
 3403,1362,4,5,6
 3404,1361,1,2,3
 3405,1361,2,3,4
 3406,1361,3,4,5
 3407,1362,4,5,6
 3408,1362,1,2,3
 3409,1362,2,3,4
 3410,1362,3,4,5
 3411,1362,4,5,6
 3412,1361,1,2,3
 3413,1361,2,3,4
 3414,1362,3,4,5
 3415,1362,4,5,6
 3416,1362,1,2,3
 3417,1362,2,3,4
 3418,1362,3,4,5
 3419,1362,4,5,6
 3420,1362,1,2,3
 3421,1362,2,3,4
 3422,1362,3,4,5
 3423,1362,4,5,6
 3424,1362,1,2,3
 3425,1362,2,3,4
 3426,1362,3,4,5
 3427,1362,4,5,6
 3428,1361,1,2,3
 3429,1362,2,3,4
 3430,1363,3,4,5
 3431,1362,4,5,6
 3432,1362,1,2,3
 3433,1363,2,3,4
 3434,1362,3,4,5
 3435,1362,4,5,6
 3436,1362,1,2,3
 3437,1362,2,3,4
 3438,1363,3,4,5
 3439,1363,4,5,6
 3440,1362,1,2,3
 3441,1362,2,3,4
 3442,1362,3,4,5
 3443,1362,4,5,6
 3444,1362,1,2,3
 3445,1363,2,3,4
 3446,1363,3,4,5
 3447,1362,4,5,6
 3448,1363,1,2,3
 3449,1362,2,3,4
 3450,1362,3,4,5
 3451,1362,4,5,6
 3452,1363,1,2,3
 3453,1363,2,3,4
 3454,1363,3,4,5
 3455,1363,4,5,6
 3456,1362,1,2,3
 3457,1363,2,3,4
 3458,1363,3,4,5
 3459,1362,4,5,6
 3460,1363,1,2,3
 3461,1363,2,3,4
 3462,1363,3,4,5
 3463,1362,4,5,6
 3464,1363,1,2,3
 3465,1363,2,3,4
 3466,1363,3,4,5
 3467,1362,4,5,6
 3468,1362,1,2,3
 3469,1363,2,3,4
 3470,1363,3,4,5
 3471,1363,4,5,6
 3472,1363,1,2,3
 3473,1363,2,3,4
 3474,1363,3,4,5
 3475,1363,4,5,6
 3476,1363,1,2,3
 3477,1363,2,3,4
 3478,1363,3,4,5
 3479,1363,4,5,6
 3480,1363,1,2,3
 3481,1363,2,3,4
 3482,1362,3,4,5
 3483,1363,4,5,6
 3484,1363,1,2,3
 3485,1363,2,3,4
 3486,1363,3,4,5
 3487,1363,4,5,6
 3488,1363,1,2,3
 3489,1364,2,3,4
 3490,1363,3,4,5
 3491,1363,4,5,6
 3492,1363,1,2,3
 3493,1364,2,3,4
 3494,1364,3,4,5
 3495,1363,4,5,6
 3496,1363,1,2,3
 3497,1364,2,3,4
 3498,1363,3,4,5
 3499,1364,4,5,6
 3500,1363,1,2,3
 3501,1363,2,3,4
 3502,1364,3,4,5
 3503,1364,4,5,6
 3504,1363,1,2,3
 3505,1363,2,3,4
 3506,1364,3,4,5
 3507,1363,4,5,6
 3508,1364,1,2,3
 3509,1364,2,3,4
 3510,1364,3,4,5
 3511,1364,4,5,6
 3512,1364,1,2,3
 3513,1363,2,3,4
 3514,1363,3,4,5
 3515,1364,4,5,6
 3516,1364,1,2,3
 3517,1364,2,3,4
 3518,1364,3,4,5
 3519,1364,4,5,6
 3520,1364,1,2,3
 3521,1364,2,3,4
 3522,1365,3,4,5
 3523,1364,4,5,6
 3524,1364,1,2,3
 3525,1364,2,3,4
 3526,1364,3,4,5
 3527,1364,4,5,6
 3528,1364,1,2,3
 3529,1364,2,3,4
 3530,1364,3,4,5
 3531,1364,4,5,6
 3532,1364,1,2,3
 3533,1363,2,3,4
 3534,1364,3,4,5
 3535,1364,4,5,6
 3536,1364,1,2,3
 3537,1365,2,3,4
 3538,1365,3,4,5
 3539,1365,4,5,6
 3540,1364,1,2,3
 3541,1364,2,3,4
 3542,1363,3,4,5
 3543,1364,4,5,6
 3544,1364,1,2,3
 3545,1365,2,3,4
 3546,1365,3,4,5
 3547,1364,4,5,6
 3548,1365,1,2,3
 3549,1364,2,3,4
 3550,1365,3,4,5
 3551,1365,4,5,6
 3552,1364,1,2,3
 3553,1364,2,3,4
 3554,1365,3,4,5
 3555,1365,4,5,6
 3556,1365,1,2,3
 3557,1365,2,3,4
 3558,1365,3,4,5
 3559,1364,4,5,6
 3560,1364,1,2,3
 3561,1365,2,3,4
 3562,1365,3,4,5
 3563,1365,4,5,6
 3564,1365,1,2,3
 3565,1365,2,3,4
 3566,1365,3,4,5
 3567,1364,4,5,6
 3568,1364,1,2,3
 3569,1364,2,3,4
 3570,1364,3,4,5
 3571,1365,4,5,6
 3572,1364,1,2,3
 3573,1364,2,3,4
 3574,1365,3,4,5
 3575,1365,4,5,6
 3576,1364,1,2,3
 3577,1365,2,3,4
 3578,1365,3,4,5
 3579,1365,4,5,6
 3580,1365,1,2,3
 3581,1365,2,3,4
 3582,1365,3,4,5
 3583,1365,4,5,6
 3584,1365,1,2,3
 3585,1365,2,3,4
 3586,1365,3,4,5
 3587,1365,4,5,6
 3588,1365,1,2,3
 3589,1364,2,3,4
 3590,1365,3,4,5
 3591,1365,4,5,6
 3592,1365,1,2,3
 3593,1366,2,3,4
 3594,1365,3,4,5
 3595,1365,4,5,6
 3596,1365,1,2,3
 3597,1365,2,3,4
 3598,1366,3,4,5
 3599,1365,4,5,6
 3600,1365,1,2,3
 3601,1365,2,3,4
 3602,1365,3,4,5
 3603,1365,4,5,6
 3604,1365,1,2,3
 3605,1366,2,3,4
 3606,1365,3,4,5
 3607,1365,4,5,6
 3608,1365,1,2,3
 3609,1365,2,3,4
 3610,1365,3,4,5
 3611,1365,4,5,6
 3612,1365,1,2,3
 3613,1365,2,3,4
 3614,1366,3,4,5
 3615,1366,4,5,6
 3616,1366,1,2,3
 3617,1366,2,3,4
 3618,1366,3,4,5
 3619,1366,4,5,6
 3620,1365,1,2,3
 3621,1365,2,3,4
 3622,1365,3,4,5
 3623,1365,4,5,6
 3624,1365,1,2,3
 3625,1366,2,3,4
 3626,1366,3,4,5
 3627,1365,4,5,6
 3628,1366,1,2,3
 3629,1366,2,3,4
 3630,1366,3,4,5
 3631,1366,4,5,6
 3632,1366,1,2,3
 3633,1366,2,3,4
 3634,1366,3,4,5
 3635,1366,4,5,6
 3636,1366,1,2,3
 3637,1366,2,3,4
 3638,1366,3,4,5
 3639,1365,4,5,6
 3640,1366,1,2,3
 3641,1366,2,3,4
 3642,1366,3,4,5
 3643,1366,4,5,6
 3644,1366,1,2,3
 3645,1366,2,3,4
 3646,1366,3,4,5
 3647,1365,4,5,6
 3648,1366,1,2,3
 3649,1366,2,3,4
 3650,1366,3,4,5
 3651,1367,4,5,6
 3652,1366,1,2,3
 3653,1367,2,3,4
 3654,1366,3,4,5
 3655,1366,4,5,6
 3656,1366,1,2,3
 3657,1366,2,3,4
 3658,1366,3,4,5
 3659,1366,4,5,6
 3660,1366,1,2,3
 3661,1367,2,3,4
 3662,1366,3,4,5
 3663,1366,4,5,6
 3664,1366,1,2,3
 3665,1366,2,3,4
 3666,1367,3,4,5
 3667,1366,4,5,6
 3668,1366,1,2,3
 3669,1367,2,3,4
 3670,1366,3,4,5
 3671,1366,4,5,6
 3672,1366,1,2,3
 3673,1367,2,3,4
 3674,1366,3,4,5
 3675,1366,4,5,6
 3676,1366,1,2,3
 3677,1366,2,3,4
 3678,1367,3,4,5
 3679,1366,4,5,6
 3680,1366,1,2,3
 3681,1366,2,3,4
 3682,1366,3,4,5
 3683,1366,4,5,6
 3684,1366,1,2,3
 3685,1366,2,3,4
 3686,1367,3,4,5
 3687,1367,4,5,6
 3688,1366,1,2,3
 3689,1366,2,3,4
 3690,1366,3,4,5
 3691,1366,4,5,6
 3692,1367,1,2,3
 3693,1367,2,3,4
 3694,1367,3,4,5
 3695,1367,4,5,6
 3696,1366,1,2,3
 3697,1366,2,3,4
 3698,1367,3,4,5
 3699,1367,4,5,6
 3700,1366,1,2,3
 3701,1367,2,3,4
 3702,1367,3,4,5
 3703,1367,4,5,6
 3704,1366,1,2,3
 3705,1367,2,3,4
 3706,1367,3,4,5
 3707,1366,4,5,6
 3708,1367,1,2,3
 3709,1367,2,3,4
 3710,1367,3,4,5
 3711,1367,4,5,6
 3712,1367,1,2,3
 3713,1367,2,3,4
 3714,1367,3,4,5
 3715,1367,4,5,6
 3716,1367,1,2,3
 3717,1367,2,3,4
 3718,1367,3,4,5
 3719,1367,4,5,6
 3720,1367,1,2,3
 3721,1366,2,3,4
 3722,1368,3,4,5
 3723,1367,4,5,6
 3724,1367,1,2,3
 3725,1367,2,3,4
 3726,1367,3,4,5
 3727,1367,4,5,6
 3728,1367,1,2,3
 3729,1367,2,3,4
 3730,1368,3,4,5
 3731,1367,4,5,6
 3732,1367,1,2,3
 3733,1367,2,3,4
 3734,1368,3,4,5
 3735,1368,4,5,6
 3736,1367,1,2,3
 3737,1368,2,3,4
 3738,1367,3,4,5
 3739,1367,4,5,6
 3740,1367,1,2,3
 3741,1367,2,3,4
 3742,1368,3,4,5
 3743,1367,4,5,6
 3744,1367,1,2,3
 3745,1367,2,3,4
 3746,1367,3,4,5
 3747,1368,4,5,6
 3748,1367,1,2,3
 3749,1367,2,3,4
 3750,1367,3,4,5
 3751,1367,4,5,6
 3752,1368,1,2,3
 3753,1368,2,3,4
 3754,1368,3,4,5
 3755,1368,4,5,6
 3756,1367,1,2,3
 3757,1367,2,3,4
 3758,1367,3,4,5
 3759,1368,4,5,6
 3760,1368,1,2,3
 3761,1368,2,3,4
 3762,1368,3,4,5
 3763,1368,4,5,6
 3764,1368,1,2,3
 3765,1368,2,3,4
 3766,1368,3,4,5
 3767,1367,4,5,6
 3768,1368,1,2,3
 3769,1368,2,3,4
 3770,1368,3,4,5
 3771,1368,4,5,6
 3772,1368,1,2,3
 3773,1368,2,3,4
 3774,1368,3,4,5
 3775,1368,4,5,6
 3776,1368,1,2,3
 3777,1368,2,3,4
 3778,1368,3,4,5
 3779,1368,4,5,6
 3780,1368,1,2,3
 3781,1368,2,3,4
 3782,1368,3,4,5
 3783,1368,4,5,6
 3784,1368,1,2,3
 3785,1368,2,3,4
 3786,1369,3,4,5
 3787,1368,4,5,6
 3788,1368,1,2,3
 3789,1369,2,3,4
 3790,1368,3,4,5
 3791,1369,4,5,6
 3792,1368,1,2,3
 3793,1368,2,3,4
 3794,1369,3,4,5
 3795,1369,4,5,6
 3796,1368,1,2,3
 3797,1368,2,3,4
 3798,1369,3,4,5
 3799,1369,4,5,6
 3800,1368,1,2,3
 3801,1368,2,3,4
 3802,1368,3,4,5
 3803,1369,4,5,6
 3804,1369,1,2,3
 3805,1368,2,3,4
 3806,1369,3,4,5
 3807,1369,4,5,6
 3808,1369,1,2,3
 3809,1369,2,3,4
 3810,1369,3,4,5
 3811,1368,4,5,6
 3812,1369,1,2,3
 3813,1369,2,3,4
 3814,1369,3,4,5
 3815,1369,4,5,6
 3816,1369,1,2,3
 3817,1369,2,3,4
 3818,1368,3,4,5
 3819,1368,4,5,6
 3820,1369,1,2,3
 3821,1369,2,3,4
 3822,1369,3,4,5
 3823,1368,4,5,6
 3824,1369,1,2,3
 3825,1369,2,3,4
 3826,1369,3,4,5
 3827,1369,4,5,6
 3828,1369,1,2,3
 3829,1370,2,3,4
 3830,1369,3,4,5
 3831,1369,4,5,6
 3832,1369,1,2,3
 3833,1369,2,3,4
 3834,1369,3,4,5
 3835,1369,4,5,6
 3836,1369,1,2,3
 3837,1369,2,3,4
 3838,1369,3,4,5
 3839,1369,4,5,6
 3840,1369,1,2,3
 3841,1370,2,3,4
 3842,1369,3,4,5
 3843,1370,4,5,6
 3844,1369,1,2,3
 3845,1369,2,3,4
 3846,1369,3,4,5
 3847,1369,4,5,6
 3848,1369,1,2,3
 3849,1369,2,3,4
 3850,1369,3,4,5
 3851,1370,4,5,6
 3852,1369,1,2,3
 3853,1369,2,3,4
 3854,1369,3,4,5
 3855,1369,4,5,6
 3856,1369,1,2,3
 3857,1369,2,3,4
 3858,1369,3,4,5
 3859,1369,4,5,6
 3860,1369,1,2,3
 3861,1369,2,3,4
 3862,1369,3,4,5
 3863,1369,4,5,6
 3864,1369,1,2,3
 3865,1369,2,3,4
 3866,1369,3,4,5
 3867,1368,4,5,6
 3868,1370,1,2,3
 3869,1369,2,3,4
 3870,1370,3,4,5
 3871,1369,4,5,6
 3872,1369,1,2,3
 3873,1369,2,3,4
 3874,1369,3,4,5
 3875,1370,4,5,6
 3876,1369,1,2,3
 3877,1370,2,3,4
 3878,1370,3,4,5
 3879,1369,4,5,6
 3880,1369,1,2,3
 3881,1369,2,3,4
 3882,1369,3,4,5
 3883,1369,4,5,6
 3884,1369,1,2,3
 3885,1369,2,3,4
 3886,1369,3,4,5
 3887,1369,4,5,6
 3888,1370,1,2,3
 3889,1370,2,3,4
 3890,1370,3,4,5
 3891,1370,4,5,6
 3892,1369,1,2,3
 3893,1369,2,3,4
 3894,1370,3,4,5
 3895,1370,4,5,6
 3896,1370,1,2,3
 3897,1370,2,3,4
 3898,1369,3,4,5
 3899,1369,4,5,6
 3900,1370,1,2,3
 3901,1370,2,3,4
 3902,1370,3,4,5
 3903,1370,4,5,6
 3904,1369,1,2,3
 3905,1370,2,3,4
 3906,1370,3,4,5
 3907,1370,4,5,6
 3908,1370,1,2,3
 3909,1370,2,3,4
 3910,1370,3,4,5
 3911,1370,4,5,6
 3912,1370,1,2,3
 3913,1370,2,3,4
 3914,1370,3,4,5
 3915,1370,4,5,6
 3916,1370,1,2,3
 3917,1371,2,3,4
 3918,1370,3,4,5
 3919,1370,4,5,6
 3920,1370,1,2,3
 3921,1370,2,3,4
 3922,1370,3,4,5
 3923,1371,4,5,6
 3924,1370,1,2,3
 3925,1370,2,3,4
 3926,1370,3,4,5
 3927,1371,4,5,6
 3928,1370,1,2,3
 3929,1370,2,3,4
 3930,1371,3,4,5
 3931,1370,4,5,6
 3932,1370,1,2,3
 3933,1370,2,3,4
 3934,1370,3,4,5
 3935,1371,4,5,6
 3936,1370,1,2,3
 3937,1370,2,3,4
 3938,1370,3,4,5
 3939,1371,4,5,6
 3940,1370,1,2,3
 3941,1370,2,3,4
 3942,1370,3,4,5
 3943,1370,4,5,6
 3944,1371,1,2,3
 3945,1371,2,3,4
 3946,1370,3,4,5
 3947,1370,4,5,6
 3948,1371,1,2,3
 3949,1371,2,3,4
 3950,1371,3,4,5
 3951,1370,4,5,6
 3952,1371,1,2,3
 3953,1371,2,3,4
 3954,1371,3,4,5
 3955,1371,4,5,6
 3956,1370,1,2,3
 3957,1371,2,3,4
 3958,1371,3,4,5
 3959,1371,4,5,6
 3960,1371,1,2,3
 3961,1371,2,3,4
 3962,1371,3,4,5
 3963,1371,4,5,6
 3964,1371,1,2,3
 3965,1371,2,3,4
 3966,1371,3,4,5
 3967,1371,4,5,6
 3968,1371,1,2,3
 3969,1371,2,3,4
 3970,1371,3,4,5
 3971,1371,4,5,6
 3972,1371,1,2,3
 3973,1371,2,3,4
 3974,1371,3,4,5
 3975,1371,4,5,6
 3976,1371,1,2,3
 3977,1371,2,3,4
 3978,1371,3,4,5
 3979,1371,4,5,6
 3980,1370,1,2,3
 3981,1371,2,3,4
 3982,1371,3,4,5
 3983,1371,4,5,6
 3984,1371,1,2,3
 3985,1371,2,3,4
 3986,1371,3,4,5
 3987,1371,4,5,6
 3988,1371,1,2,3
 3989,1371,2,3,4
 3990,1371,3,4,5
 3991,1371,4,5,6
 3992,1370,1,2,3
 3993,1371,2,3,4
 3994,1371,3,4,5
 3995,1370,4,5,6
 3996,1371,1,2,3
 3997,1371,2,3,4
 3998,1372,3,4,5
 3999,1371,4,5,6
 4000,1371,1,2,3
 4001,1371,2,3,4
 4002,1371,3,4,5
 4003,1371,4,5,6
 4004,1371,1,2,3
 4005,1371,2,3,4
 4006,1371,3,4,5
 4007,1371,4,5,6
 4008,1372,1,2,3
 4009,1372,2,3,4
 4010,1371,3,4,5
 4011,1372,4,5,6
 4012,1372,1,2,3
 4013,1372,2,3,4
 4014,1371,3,4,5
 4015,1372,4,5,6
 4016,1371,1,2,3
 4017,1372,2,3,4
 4018,1372,3,4,5
 4019,1372,4,5,6
 4020,1372,1,2,3
 4021,1372,2,3,4
 4022,1372,3,4,5
 4023,1372,4,5,6
 4024,1372,1,2,3
 4025,1372,2,3,4
 4026,1371,3,4,5
 4027,1372,4,5,6
 4028,1372,1,2,3
 4029,1372,2,3,4
 4030,1372,3,4,5
 4031,1372,4,5,6
 4032,1372,1,2,3
 4033,1372,2,3,4
 4034,1372,3,4,5
 4035,1371,4,5,6
 4036,1371,1,2,3
 4037,1372,2,3,4
 4038,1372,3,4,5
 4039,1372,4,5,6
 4040,1371,1,2,3
 4041,1372,2,3,4
 4042,1372,3,4,5
 4043,1372,4,5,6
 4044,1372,1,2,3
 4045,1372,2,3,4
 4046,1372,3,4,5
 4047,1372,4,5,6
 4048,1371,1,2,3
 4049,1372,2,3,4
 4050,1372,3,4,5
 4051,1372,4,5,6
 4052,1372,1,2,3
 4053,1373,2,3,4
 4054,1372,3,4,5
 4055,1372,4,5,6
 4056,1372,1,2,3
 4057,1372,2,3,4
 4058,1372,3,4,5
 4059,1372,4,5,6
 4060,1372,1,2,3
 4061,1372,2,3,4
 4062,1372,3,4,5
 4063,1372,4,5,6
 4064,1372,1,2,3
 4065,1372,2,3,4
 4066,1373,3,4,5
 4067,1372,4,5,6
 4068,1373,1,2,3
 4069,1373,2,3,4
 4070,1372,3,4,5
 4071,1372,4,5,6
 4072,1373,1,2,3
 4073,1373,2,3,4
 4074,1372,3,4,5
 4075,1372,4,5,6
 4076,1372,1,2,3
 4077,1372,2,3,4
 4078,1373,3,4,5
 4079,1372,4,5,6
 4080,1373,1,2,3
 4081,1372,2,3,4
 4082,1373,3,4,5
 4083,1372,4,5,6
 4084,1372,1,2,3
 4085,1372,2,3,4
 4086,1372,3,4,5
 4087,1372,4,5,6
 4088,1372,1,2,3
 4089,1372,2,3,4
 4090,1372,3,4,5
 4091,1372,4,5,6
 4092,1372,1,2,3
 4093,1372,2,3,4
 4094,1372,3,4,5
 4095,1372,4,5,6
 